Richness,count,Fishers_Alpha,Goods_U,Shannons_H
55,462,16.267,0.9524,3.0522
69,460,22.513,0.9457,3.2839
79,603,24.301,0.9653,3.553
90,773,26.385,0.9651,3.6363
59,918,14.07,0.9858,3.0444
24,327,5.968,0.9725,1.9781
37,440,9.625,0.966,2.4573
50,265,18.225,0.921,2.9796
34,295,9.928,0.9594,2.7015
30,126,12.457,0.8896,2.7975
25,165,8.194,0.9701,2.7007
27,163,9.225,0.9511,2.8537
26,173,8.49,0.9657,2.7701
29,153,10.596,0.9481,2.9745
26,166,8.652,0.964,2.8155
32,199,10.78,0.9602,2.9705
29,186,9.63,0.968,2.861
31,167,11.205,0.9644,3.0762
30,214,9.499,0.9769,2.8855
84,12552,12.093,0.999,1.776
101,12741,14.968,0.9999,3.3692
35,473,8.726,0.9725,2.6766
34,556,7.986,0.982,2.0781
38,762,8.412,0.9895,2.7322
58,778,14.495,0.9769,2.7093
57,750,14.335,0.9827,2.7319
53,617,13.889,0.9757,2.7622
49,699,12.006,0.9728,2.4773
31,548,7.115,0.9781,2.032
11,593,1.917,0.9949,1.4465
25,349,6.168,0.9628,2.072
80,562,25.501,0.9378,3.4939
105,543,38.767,0.921,3.8542
18,102,6.342,0.9808,2.7023
18,94,6.612,0.9796,2.6666
22,102,8.621,0.9519,2.8061
24,111,9.418,0.9374,2.7777
25,149,8.594,0.987,3.0217
16,112,5.108,0.9287,1.9249
93,646,29.792,0.9521,3.6358
11,604,1.91,0.995,1.5145
11,159,2.684,0.9749,1.7819
6,81,1.496,0.988,1.3749
51,2282,9.253,0.9952,2.4604
53,2198,9.78,0.995,2.5021
60,421,19.135,0.9479,3.15
89,620,28.474,0.9565,3.8183
91,1980,19.695,0.9904,3.157
101,1384,25.068,0.9812,3.6098
59,543,16.838,0.9595,2.5699
82,396,31.41,0.9219,3.6779
76,225,40.352,0.8228,3.8182
6,240,1.116,1,1.6463
6,160,1.231,1,1.5196
3,14,1.171,0.8571,0.5091
3,9,1.576,0.7778,0.6837
6,19,3.02,0.8421,1.5315
6,15,3.706,0.8,1.5822
8,18,5.518,0.7222,1.8272
6,15,3.706,0.8833,1.5868
5,14,2.782,0.7857,1.2964
7,17,4.451,0.7647,1.6808
6,17,3.305,0.8306,1.477
6,17,3.305,0.8235,1.5336
3,10,1.453,0.8,0.639
20,194,5.595,0.964,2.2296
24,270,6.364,0.9668,1.8415
26,315,6.721,0.9715,1.8123
29,209,9.142,0.9428,2.3994
93,1039,24.722,0.9837,3.4345
149,1389,42.315,0.9561,3.9549
180,1527,53.029,0.9575,4.1036
158,1325,46.763,0.9623,4.1229
122,1361,32.448,0.9706,3.4856
26,608,5.519,0.9951,2.6289
25,201,7.526,0.9703,2.5493
26,240,7.412,0.9877,2.7001
14,66,5.435,0.9408,2.2977
12,87,3.773,0.966,1.925
57,427,17.673,0.9673,3.3514
9,5441,1.053,1,1.4161
8,73,2.291,0.987,1.6554
34,920,6.948,0.9935,2.7078
34,104,17.583,0.8365,3.1398
15,89,5.168,0.978,2.4504
9,2453,1.178,1,1.8243
12,113,3.395,0.9651,1.1224
126,394,64.044,0.876,4.4367
17,643,3.203,1,2.0183
5,998,0.687,1,0.7866
276,1408,102.637,0.9113,4.5769
40,220,14.307,0.9184,2.813
17,935,2.951,0.9979,1.9444
15,163,4.027,0.9817,2.0262
10,186,2.262,0.9894,1.1182
6,1257,0.818,1,0.5429
6,979,0.851,1,0.5293
7,168,1.476,0.994,1.5106
8,278,1.538,1,1.7545
7,240,1.35,0.9958,1.4723
86,356,36.028,0.8992,3.6586
16,60,7.139,0.8339,1.849
21,67,10.51,0.8675,2.4422
19,59,9.71,0.8153,2.0904
16,62,6.988,0.8897,1.977
18,42,11.933,0.7903,2.5566
19,37,15.676,0.7398,2.6372
14,41,7.5,0.8584,2.1393
22,54,13.84,0.8387,2.746
16,96,5.483,0.8854,1.798
11,841,1.787,0.9988,1.4184
38,77,29.731,0.6241,3.1855
42,286,13.574,0.9618,2.9842
46,432,13.027,0.9746,3.1835
31,197,10.339,0.9647,2.7806
44,600,10.938,0.975,2.2854
36,600,8.408,0.985,2.1966
85,600,27.038,0.9651,3.7761
21,1290,3.563,0.9977,1.3342
40,1076,8.186,0.9916,2.5547
27,266,7.51,0.9962,2.8491
28,302,7.536,1,2.8997
28,310,7.467,0.9968,2.8789
24,1906,3.87,0.9984,2.5477
56,352,18.771,0.9576,3.4507
59,2458,10.876,0.9972,2.7987
53,1133,11.527,0.9912,3.0127
41,362,11.89,0.9558,2.8781
39,217,13.868,0.9358,3.0724
33,277,9.763,0.9641,2.7519
42,1367,8.199,0.9942,2.3564
38,974,7.874,0.9908,2.57
10,179,2.287,0.9777,1.5611
5,580,0.752,1,1.3485
7,2884,0.863,1,1.0644
148,13386,23.286,0.999,3.9258
118,619,43.242,0.9031,3.9002
122,567,47.742,0.8978,4.0728
9,406,1.63,0.9951,1.3401
9,506,1.555,0.9961,1.1371
10,471,1.794,0.9979,1.4935
4,431,0.61,1,0.3811
19,388,4.185,0.9897,2.2951
15,127,4.423,0.9925,2.4497
22,191,6.422,0.9793,2.5321
5,65,1.262,0.9846,1.301
4,21,1.465,0.9603,0.8
39,379,10.904,0.9605,2.8729
33,277,9.763,0.9604,2.6934
28,230,8.356,0.9522,2.6293
108,1398,27.307,0.9786,3.7754
41,300,12.84,0.9635,3.1158
32,1289,5.944,0.993,2.5158
7,4225,0.819,1,1.1506
8,94,2.09,1,1.8635
9,78,2.629,0.9875,1.674
12,117,3.351,0.966,1.8833
5,116,1.064,1,0.9624
84,1219,20.471,0.9828,3.539
209,1524,65.55,0.9449,3.9649
5,242,0.892,0.9959,0.4604
4,245,0.679,1,0.4883
3,174,0.515,1,0.5355
6,144,1.265,1,1.3491
7,270,1.313,0.9926,0.9273
33,195,11.391,0.9439,2.7992
56,5481,8.683,0.9991,2.5448
29,5459,4.02,0.9998,1.6961
163,447,92.374,0.8012,4.522
53,662,13.561,0.9834,3.4689
54,741,13.396,0.9798,3.3219
183,583,91.691,0.8458,4.7034
12,210,2.762,0.9905,1.64
15,209,3.703,0.9857,2.0961
70,2459,13.42,0.9927,2.6
49,1352,9.964,0.9919,2.621
43,450,11.7,0.9867,3.2411
48,1142,10.142,0.9939,2.8358
50,658,12.574,0.9939,3.4218
30,275,8.575,0.9892,2.8478
18,172,5.064,0.9944,2.2
36,319,10.425,0.972,2.6576
23,69,12.081,0.8423,2.7021
25,120,9.608,0.9258,2.6062
28,129,11.012,0.8996,2.736
13,50,5.705,0.9431,2.1946
50,239,19.261,0.8955,3.3146
22,112,8.19,0.9024,2.0017
18,41,12.249,0.7876,2.5129
31,1267,5.739,0.9953,2.6289
30,837,6.083,0.9893,2.6152
23,1093,4.118,0.9945,2.3167
22,636,4.422,0.9937,2.2255
7,105,1.688,0.9811,1.3982
3,1563,0.358,1,0.5875
3,2715,0.333,1,0.3537
3,932,0.385,1,0.1598
3,1336,0.366,1,0.3009
33,2315,5.451,0.9978,2.685
18,201,4.786,0.9753,2.1508
5,149,0.997,0.9933,0.5961
7,97,1.731,0.9901,1.0876
82,680,24.379,0.9603,3.5848
60,119,48.289,0.665,3.7066
35,104,18.528,0.799,3.0396
29,105,13.249,0.8579,2.6674
43,117,24.539,0.7781,3.2655
28,103,12.655,0.8744,2.9188
34,107,17.196,0.8513,3.1293
12,76,4.008,0.9349,1.8407
10,93,2.843,0.9677,1.6791
11,119,2.958,0.9919,1.9052
8,117,1.945,0.9832,1.3961
22,141,7.308,0.9722,2.5914
20,178,5.782,0.9665,2.308
257,43398,36.256,0.9995,4.5675
46,498,12.365,0.9659,2.7709
40,1566,7.478,0.9955,2.589
39,438,10.348,0.9795,3.0262
5,10,3.98,0.6,1.2275
17,87,6.311,0.9787,2.3874
32,155,12.238,0.9683,3.1734
25,6910,3.265,0.9999,2.2562
63,671,17.033,0.9762,3.0749
183,2154,47.774,0.9852,4.5672
180,1587,52.229,0.9736,4.4819
24,3623,3.449,0.9989,1.7522
22,590,4.506,0.9898,2.2101
27,90,13.078,0.8677,2.8607
26,72,14.608,0.8645,2.8641
16,36,11.037,0.8132,2.5045
8,123,1.915,1,1.656
9,148,2.11,1,1.7671
4,94,0.848,1,0.8988
117,390,56.67,0.8465,4.1305
61,444,19.147,0.9708,3.4968
27,259,7.585,0.977,2.448
35,540,8.368,0.9871,2.8184
51,488,14.341,0.9653,2.8687
27,100,12.147,0.8904,2.9096
17,117,5.468,0.9664,2.0141
84,756,24.179,0.967,3.6607
82,854,22.35,0.9801,3.646
79,574,24.816,0.9652,3.6662
68,579,20.004,0.9534,3.148
76,732,21.319,0.9632,3.0571
90,1178,22.673,0.9864,3.6793
8,531,1.336,1,1.3382
8,673,1.276,1,1.6194
6,810,0.879,1,1.4286
5,221,0.91,0.991,0.8124
8,865,1.218,0.9965,0.6929
26,979,4.904,0.9949,2.1851
320,1704,116.359,0.902,4.5794
26,260,7.192,0.9694,2.0463
17,81,6.561,0.9265,2.3792
25,121,9.565,0.893,2.0698
32,825,6.621,1,3.0064
45,562,11.514,0.9787,3.0993
45,535,11.708,0.9814,2.632
40,573,9.788,0.9843,2.6773
42,468,11.175,0.9765,2.8498
43,696,10.132,0.9842,2.8182
54,1082,11.957,0.9871,2.9834
45,1165,9.301,0.9923,2.8699
36,328,10.314,0.9758,2.7854
32,338,8.678,0.9705,2.5651
45,741,10.548,0.9879,2.9668
62,2296,11.74,0.9987,3.3642
29,154,10.56,0.955,2.9107
48,489,13.188,0.9653,2.6302
213,1731,63.845,0.9671,4.2797
48,937,10.707,0.9797,2.3102
46,730,10.904,0.9795,2.5997
29,304,7.886,0.9705,2.7097
51,17721,6.439,1,2.0448
56,12685,7.538,0.9998,2.2412
66,547,19.626,0.9635,3.0899
23,1629,3.792,0.9975,1.0301
19,1173,3.22,0.9966,1.0235
38,218,13.308,0.9361,2.887
31,143,12.183,0.8814,2.7227
32,193,10.938,0.907,2.4715
128,9450,20.933,0.9975,3.3851
67,649,18.754,0.9723,3.2194
67,584,19.528,0.9641,3.2982
59,431,18.49,0.956,3.4149
70,9929,10.167,0.9988,2.1042
105,13174,15.575,0.9978,2.7937
75,4260,12.93,0.9958,2.5156
124,1718,30.667,0.9825,3.7869
66,2997,11.935,0.9967,2.5975
14,992,2.308,0.998,1.3335
37,1023,7.52,0.9893,2.7408
53,745,13.047,0.9879,3.386
57,1223,12.384,0.9886,2.8773
45,1765,8.409,0.9977,2.6733
50,4962,7.733,1,2.8249
6,126,1.311,1,1.3942
6,152,1.247,1,1.0064
8,237,1.598,1,1.6342
4,655,0.567,0.9985,0.9342
10,1082,1.523,0.9991,1.1294
7,616,1.107,0.9984,0.8615
7,3114,0.853,1,1.1031
5,157,0.985,1,0.6325
5,96,1.121,1,0.9175
5,107,1.087,1,0.8626
5,916,0.696,1,0.3739
4,1510,0.499,1,0.5906
15,523,2.881,1,2.0462
17,574,3.29,0.9965,2.2318
9,91,2.48,1,1.8148
8,73,2.291,0.9593,1.4296
5,217,0.913,0.9954,1.3331
4,136,0.773,1,1.2732
5,25,1.879,0.92,1.3324
21,1398,3.505,0.9964,2.0833
23,1123,4.094,0.9947,2.0961
17,1566,2.666,0.9974,2.0203
20,640,3.921,0.9953,2.0965
21,469,4.513,0.9872,2.0013
23,319,5.686,0.9781,2.4395
5,962,0.691,1,1.4937
7,404,1.203,0.995,1.352
3,86,0.604,0.9886,0.1735
4,51,1.016,0.9804,1.1015
7,93,1.755,0.9785,1.5611
4,90,0.858,1,0.7994
4,28,1.277,1,1.2497
4,29,1.258,0.9655,0.7951
8,400,1.417,1,1.0154
13,203,3.097,1,2.3404
7,67,1.968,1,1.9309
14,1609,2.109,0.9994,1.5779
11,1413,1.625,1,1.5129
12,817,1.994,1,1.6715
13,3045,1.741,0.9997,1.3706
14,528,2.64,0.9943,1.6051
49,2740,8.475,0.9971,2.7302
16,325,3.529,0.9969,2.3808
29,2289,4.682,0.9974,1.9719
8,947,1.199,1,1.5763
17,956,2.937,0.9948,1.5426
15,1285,2.384,0.9969,1.3816
9,583,1.51,0.9949,0.7022
21,8005,2.616,0.9998,2.1714
19,3677,2.622,0.9984,1.3628
16,176,4.277,0.9775,1.7495
9,1056,1.351,0.9991,1.3238
14,91,4.621,0.9677,2.0605
5,774,0.716,1,1.3471
4,211,0.7,1,1.1545
26,168,8.605,0.9586,2.8452
18,166,5.133,0.9941,2.6582
22,144,7.238,0.9796,2.6071
20,124,6.747,0.9601,2.5589
20,144,6.307,0.9723,2.7351
6,1192,0.825,1,1.3316
6,1365,0.807,1,0.9001
4,453,0.604,1,0.9362
4,704,0.56,1,0.8272
24,1380,4.127,0.9993,2.3275
3,64,0.653,1,1.0177
39,3523,6.137,0.9991,2.5667
54,410500,4.751,1,1.0248
22,235,5.942,0.9533,2.2198
20,234,5.232,0.9787,2.4351
15,158,4.072,0.9684,2.1331
24,282,6.269,0.9895,2.5163
20,272,4.976,0.9817,2.3258
22,232,5.969,0.9699,2.4777
24,129,8.685,0.9773,2.909
12,36,6.303,0.8627,2.1781
22,597,4.493,0.9933,2.5543
9,180,1.994,0.9945,1.7845
17,240,4.179,0.9751,1.5387
19,147,5.812,0.9459,1.8551
20,92,7.872,0.9364,2.2875
14,919,2.343,0.9978,1.9195
12,511,2.201,1,1.799
22,177,6.621,0.9777,2.5835
20,421,4.368,1,2.4386
25,674,5.114,0.9985,2.6532
6,351,1.028,1,1.4037
14,353,2.913,1,1.9509
5,132,1.028,1,1.2863
31,163,11.346,0.9453,2.998
29,348,7.521,0.9828,2.6477
32,494,7.65,0.9879,2.7548
13,464,2.483,0.9979,1.7562
44,237,15.905,0.9327,3.0693
16,397,3.344,0.9975,2.1529
14,175,3.581,0.9886,2.0565
15,37,9.39,0.7867,2.4431
17,78,6.701,0.9369,2.1824
6,20,2.906,0.85,1.4688
12,400,2.329,0.9875,0.8386
15,116,4.589,0.9312,1.6437
7,292,1.29,1,1.5733
8,123,1.915,0.9919,1.5015
18,494,3.665,0.9919,1.5202
5,156,0.986,1,1.3106
21,242,5.522,0.9671,1.6209
16,308,3.583,0.9806,1.4017
75,222,39.827,0.8655,3.8805
24,298,6.153,0.9833,2.6393
28,1832,4.69,0.9989,2.4747
18,469,3.714,0.9979,2.2224
11,430,2.057,1,2.2359
12,100,3.561,0.9808,1.6438
12,100,3.561,0.9904,1.9703
13,1191,2.04,0.9992,1.383
20,91,7.922,0.9243,2.4624
15,31,11.444,0.6817,2.386
10,5556,1.183,1,1.2975
12,7952,1.387,1,1.4953
18,284,4.274,0.9965,2.5731
47,310,15.409,0.9582,3.2402
13,237,2.957,1,2.3557
12,248,2.634,1,2.2701
7,67,1.968,1,1.5324
21,97,8.247,0.9081,2.2494
18,86,6.936,0.9197,2.3485
19,97,7.063,0.9386,2.3815
14,40,7.657,0.8038,2.0296
23,260,6.089,0.9693,2.0758
39,773,8.662,0.9832,1.6147
35,846,7.365,0.9906,1.6691
9,650,1.478,1,1.6595
10,317,1.965,1,1.0314
24,2654,3.64,0.9996,2.084
17,536,3.344,1,2.4272
14,207,3.392,0.9904,1.9713
17,379,3.655,0.9948,2.1256
12,239,2.662,1,1.9447
15,192,3.807,0.9793,1.9026
36,1950,6.268,0.9964,2.5077
20,161,6.018,0.9754,2.5885
6,17,3.305,0.9529,1.65
9,28,4.593,0.9724,1.9587
9,37,3.786,0.9757,1.987
65,2292,12.45,0.9948,2.6294
11,146,2.759,0.9796,1.5987
7,251,1.336,0.9921,0.6824
9,430,1.61,1,1.9619
28,965,5.392,0.9938,1.7001
15,616,2.774,0.9984,1.9884
18,530,3.601,0.9981,2.4501
14,505,2.667,0.9961,1.6567
20,267,5.006,0.9963,2.7637
24,235,6.691,0.9831,2.597
21,167,6.351,0.9761,2.6323
21,64,10.892,0.9403,2.8885
7,759,1.065,1,1.6041
12,370,2.374,0.9919,0.893
20,1131,3.451,0.9991,2.3687
19,96,7.102,0.8969,2.0415
11,80,3.454,0.9631,1.6146
3,19,1.002,0.9474,0.633
18,177,5.01,0.9833,2.2258
15,158,4.072,0.9876,2.0083
16,228,3.922,0.9694,1.4995
24,209,6.998,0.9811,2.4807
20,172,5.86,0.9769,2.5844
12,276,2.559,1,2.0438
6,71,1.564,0.9863,1.3284
6,49,1.795,1,1.398
5,56,1.328,1,1.4071
26,2564,4.026,0.9969,1.1685
14,108,4.287,0.9631,2.2052
14,51,6.369,0.9035,2.3659
11,67,3.742,0.9557,2.0719
8,58,2.515,0.9839,1.7615
9,78,2.629,0.9744,1.8007
9,34,3.996,0.9152,1.7923
89,2246,18.517,0.9973,3.6587
15,1622,2.284,0.9994,1.8596
10,764,1.625,0.9987,1.4659
37,629,8.591,0.9841,2.6695
26,935,4.957,0.9947,2.2545
23,634,4.678,0.9921,2.4321
30,930,5.926,0.9936,2.4643
7,154,1.51,0.9935,1.298
7,39,2.487,0.9768,1.6498
17,785,3.063,0.9924,2.0119
16,809,2.827,0.9988,2.4109
21,649,4.152,0.9954,2.3873
20,657,3.896,0.9954,2.3519
13,895,2.155,1,2.2694
20,103,7.4,0.9132,2.0833
10,23,6.733,0.7865,2.0801
7,14,5.571,0.6429,1.6357
39,245,13.077,0.9594,3.1132
40,238,13.762,0.954,3.2397
5,152,0.992,0.9935,0.4751
15,118,4.556,0.9576,2.2206
12,103,3.519,0.9617,1.4088
17,299,3.908,0.9901,1.6475
15,213,3.681,0.9907,2.1573
19,126,6.214,0.9528,2.3943
13,198,3.121,0.9848,1.8235
7,87,1.794,0.977,1.4609
3,150,0.531,1,0.4126
30,967,5.87,0.9969,2.1049
7,195,1.42,0.9897,1.5136
8,197,1.675,1,1.9151
7,362,1.231,0.9972,1.293
8,420,1.402,0.9952,0.981
8,122,1.92,0.9755,1.2132
8,135,1.862,0.9853,1.2083
5,44,1.452,1,1.3177
21,117,7.462,0.9151,2.105
9,28,4.593,0.75,1.4975
16,79,6.055,0.9377,2.3475
10,55,3.577,0.9299,1.2079
65,1449,13.976,0.9862,2.583
11,209,2.473,1,1.7121
7,1650,0.936,1,1.2338
3,23,0.921,1,0.9184
3,7,1.989,0.7143,0.7963
26,253,7.265,0.9764,2.3753
27,218,8.114,0.9635,2.5837
8,670,1.277,1,1.0892
8,105,2.014,0.9905,1.8376
6,107,1.374,1,1.478
4,251,0.676,1,0.7606
19,147,5.812,0.9525,2.2851
22,334,5.286,0.997,2.7541
26,770,5.194,0.9987,2.3797
17,51,8.929,0.8259,2.4081
7,463,1.17,1,1.6107
5,154,0.989,1,1.5969
9,384,1.65,1,1.925
66,373,23.286,0.9976,3.933
16,81,5.974,0.9518,2.2365
7,34,2.673,0.9135,1.4505
5,8,5.705,0.6576,1.4942
7,14,5.571,0.8056,1.8095
28,141,10.485,0.9366,2.9388
19,194,5.216,0.9589,1.7018
15,93,5.061,0.9037,1.5744
13,47,5.945,0.9609,2.271
15,56,6.713,0.896,2.0966
6,30,2.255,0.9,1.3006
17,605,3.249,1,2.4499
5,112,1.074,1,1.5109
15,113,4.64,0.9916,2.1214
21,226,5.657,0.9825,2.5517
11,60,3.951,0.9678,1.8717
6,30,2.255,0.9,1.3006
12,69,4.198,0.9578,2.0411
15,50,7.265,0.9231,2.4645
14,64,5.53,0.9541,2.1598
23,245,6.218,0.9921,1.9745
22,386,5.06,0.9871,2.0634
14,185,3.516,0.984,1.4406
22,344,5.238,0.9739,2.1384
12,272,2.569,0.989,1.66
12,504,2.208,0.9901,0.7737
11,131,2.86,0.9925,1.9316
50,779,11.919,0.9859,2.6555
48,876,10.915,0.9829,2.7299
27,338,6.903,0.9676,1.9456
16,243,3.844,0.9753,1.7537
17,218,4.312,0.9681,1.8181
19,19203,2.081,0.9999,1.9183
17,71074,1.587,1,1.3312
22,2341,3.36,0.9979,1.0577
22,768,4.224,0.9948,2.035
5,1729,0.632,1,0.6881
19,837,3.459,1,1.9835
11,7000,1.278,0.9999,1.0359
11,7852,1.259,1,0.6319
19,787,3.507,0.9962,1.9928
44,1381,8.666,0.9964,3.001
15,3503,2.01,0.9997,1.3454
15,844,2.591,0.9953,1.9326
15,709,2.689,0.9929,1.4924
38,3663,5.909,0.9992,2.234
42,10837,5.542,0.9998,1.7739
17,645,3.201,0.9953,2.2672
7,694,1.083,0.9971,0.77
12,1279,1.832,1,1.7886
11,567,1.935,0.9965,1.1405
25,4110,3.542,0.9995,2.1721
20,258,5.063,0.9768,2.2399
21,249,5.469,0.98,2.294
18,105,6.253,0.9339,2.1688
14,257,3.178,0.9884,1.7056
20,29810,2.091,1,2.3353
13,25954,1.314,1,2.0915
25,826,4.863,0.9976,2.3077
20,714,3.82,0.986,1.489
58,3652,9.79,0.9973,2.6078
28,3426,4.172,0.9994,2.087
24,304,6.112,0.9771,2.0502
17,20274,1.825,1,1.4657
11,1365,1.635,1,0.8847
16,396,3.346,1,1.8444
43,3524,6.892,0.9997,2.7676
52,5321,7.998,0.9987,2.4373
15,1314,2.374,0.9977,1.7259
14,2179,2.002,0.9991,1.4962
37,2348,6.236,0.9991,2.9139
60,2384,11.179,0.9979,3.2545
19,239,4.85,0.9708,1.8699
14,217,3.343,0.9909,1.5957
22,874,4.099,0.9931,1.9219
12,731,2.039,0.9986,1.3101
36,10879,4.639,0.9994,2.2997
31,990,6.08,0.9939,2.2885
33,874,6.781,0.9931,2.6487
21,1686,3.379,0.9976,1.3629
8,117,1.945,0.9919,1.2007
64,2367,12.123,0.9932,2.8522
37,1135,7.328,0.9921,1.5516
25,108340,2.326,1,1.5665
27,7139,3.549,0.9997,1.6535
28,3011,4.268,0.9987,2.1591
24,2521,3.674,0.9988,1.8546
70,32229,8.494,0.9998,2.1502
17,24241,1.787,1,1.1513
19,2621,2.773,0.9992,1.8796
29,1290,5.268,0.9954,2.4947
19,216,5.02,0.9862,2.4423
28,640,5.98,0.9891,2.3275
27,586,5.848,0.9898,2.6061
38,1051,7.723,0.9943,2.0942
48,584,12.39,0.9778,2.7713
13,128,3.617,0.9613,1.7247
17,626,3.223,0.9952,1.5232
21,3380,2.986,0.9994,1.0594
37,4965,5.425,0.9992,1.6282
16,766,2.86,0.9935,1.7844
16,4019,2.12,0.9998,1.3235
17,1491,2.69,0.9993,1.9268
51,24350,6.157,0.9995,2.4318
33,2541,5.353,0.9992,2.2758
31,7087,4.167,1,2.1351
28,11089,3.47,0.9999,2.2567
20,1523,3.251,0.9987,1.8389
10,170,2.322,1,1.9028
10,94,2.831,0.947,1.4796
25,1051,4.599,0.9952,2.3423
12,97,3.605,0.9489,1.735
12,3685,1.543,0.9995,0.9658
11,1016,1.724,0.997,1.2606
11,192,2.534,0.9896,1.4487
12,14891,1.282,1,1.3662
12,38007,1.154,1,1.1762
12,72922,1.079,1,1.3092
50,1081,10.841,0.9908,3.033
20,9103,2.431,0.9997,1.7582
15,938,2.535,0.9968,1.2929
12,2240,1.666,0.9991,1.4756
16,514,3.133,0.9922,1.2001
10,2284,1.344,1,1.737
52,232,20.831,0.9486,3.4345
16,93954,1.444,1,1.2817
11,215,2.453,0.9907,1.758
4,118,0.8,1,0.8692
15,491,2.924,0.998,1.8938
18,570,3.537,0.9983,1.9427
24,21316,2.671,0.9999,1.9061
11,587,1.921,0.9983,1.6266
10,1717,1.407,0.9994,1.4611
8,402,1.415,0.9975,1.0451
40,11178,5.215,0.9996,2.5225
24,2283,3.741,0.9987,1.4014
67,865,16.955,0.9804,3.1869
14,121,4.094,0.9755,2.0018
20,243,5.165,0.9918,2.5432
58,1844,11.387,0.993,2.9316
33,417,8.411,0.9833,2.6663
9,203,1.929,0.9852,1.1483
13,80,4.401,0.9503,2.162
24,346,5.861,0.9827,2.1178
32,154,12.281,0.929,2.8992
15,307,3.302,0.9837,1.7654
20,134,6.511,0.9485,1.9319
20,212,5.417,0.9812,2.405
19,129,6.149,0.9696,2.3799
18,97,6.505,0.9074,2.0208
11,159,2.684,0.9939,1.6962
5,77,1.196,0.974,0.5027
9,69,2.763,0.971,1.6699
10,2771,1.305,1,1.5398
21,124,7.252,0.9764,2.5828
8,306,1.504,0.9935,1.5192
7,154,1.51,1,1.6134
9,141,2.142,0.9789,0.7198
21,275,5.29,0.9709,1.7364
8,37,3.139,0.9189,1.6298
7,53,2.161,1,1.63
17,50,9.075,0.7808,2.3649
9,76,2.656,0.9474,1.3314
12,148,3.083,0.9933,2.015
5,151,0.994,0.9935,0.8497
7,50,2.215,0.9616,1.0496
18,67,8.071,0.8969,2.4887
27,70,16.106,0.9175,3.1816
11,63,3.856,0.9692,2.0188
8,61,2.462,0.9514,1.4622
9,66,2.816,0.9706,1.6809
6,41,1.936,0.9756,1.5392
7,34,2.673,0.9429,1.663
7,134,1.57,0.9851,1.1153
9,188,1.97,0.9787,1.5201
14,287,3.08,0.9861,1.7357
12,66,4.292,0.9545,2.2675
8,525,1.339,0.9962,1.1716
9,100,2.397,0.9802,1.6948
15,103,4.83,0.9425,1.9438
14,151,3.768,0.9672,1.5849
13,191,3.156,0.9896,2.0034
61,1937,11.98,0.9959,2.5523
25,758,4.966,0.9934,2.211
22,351,5.206,0.9858,2.2635
24,310,6.073,0.971,2.4362
20,114,7.027,0.9303,2.1536
37,2098,6.381,0.999,2.5729
17,628,3.221,0.9968,1.9893
9,64,2.854,0.9531,1.6999
42,498,10.937,0.978,2.8102
13,178,3.227,0.9833,1.8483
34,1133,6.6,0.9929,2.5859
49,1853,9.234,0.9957,2.3625
39,620,9.239,0.9871,2.6275
51,936,11.578,0.9883,2.6245
34,454,8.51,0.9802,2.8832
29,1100,5.461,0.99,1.6137
14,256,3.182,0.9922,1.6851
13,268,2.856,0.9963,2.0635
10,107,2.699,1,1.8206
16,855,2.794,0.9977,1.7028
6,198,1.167,0.9848,0.7518
9,58,2.982,0.931,1.6432
10,270,2.045,1,1.6619
5,42,1.479,1,1.4008
4,81,0.883,1,0.7581
6,59,1.67,0.9836,1.3311
10,299,1.993,0.9967,1.5692
10,137,2.482,0.9855,1.5409
10,70,3.193,0.958,1.6181
29,401,7.177,0.9851,2.5641
6,4524,0.682,1,1.1093
18,713,3.356,0.9986,2.1652
13,83,4.326,0.9521,2.1262
12,69,4.198,0.942,2.1556
6,913,0.861,1,1.0397
15,2210,2.165,0.9995,1.9265
8,2121,1.051,1,0.9772
21,604,4.226,0.9967,1.8318
10,300,1.991,0.9934,1.6774
32,450,7.877,0.9845,2.6025
7,699,1.081,0.9986,0.347
17,117,5.468,0.9487,2.4714
7,57,2.096,0.9825,1.6905
11,188,2.55,0.984,1.7203
7,2399,0.886,1,0.5889
9,2261,1.192,1,1.6453
9,311,1.732,0.9968,1.2613
10,108,2.69,0.9818,1.721
13,67,4.808,0.9271,1.9084
12,45,5.354,0.8899,2.0567
9,513,1.55,0.9961,1.1747
7,312,1.271,0.9936,1.079
16,151,4.523,0.9671,2.066
25,548,5.4,0.9891,1.92
9,46,3.344,0.913,1.581
17,161,4.799,0.9878,2.273
19,148,5.795,0.9868,2.4798
13,84,4.302,0.9527,1.9949
13,135,3.547,0.9927,2.2281
10,126,2.551,1,2.1642
34,1826,5.931,0.9989,2.7159
34,712,7.436,0.9888,2.7395
3,60,0.665,1,0.5022
6,79,1.509,1,1.4206
8,76,2.256,0.9737,1.5495
5,18,2.293,0.8951,1.1649
17,326,3.811,0.9878,1.3853
16,173,4.303,0.9712,1.9876
33,180,11.853,0.9225,2.8625
14,283,3.092,0.9859,1.1275
12,363,2.385,0.9945,1.2517
32,1407,5.828,0.9964,2.4572
14,172,3.602,0.971,1.748
9,201,1.934,0.9951,1.5906
20,475,4.228,0.9853,1.7886
4,175,0.729,1,1.2561
10,255,2.075,0.9804,1.3111
11,49,4.411,0.9192,2.0847
12,75,4.033,0.9877,2.0488
20,451,4.287,0.9978,2.1431
11,997,1.73,0.999,1.789
7,305,1.277,0.9934,1.4818
8,44,2.861,1,1.917
14,52,6.287,0.9637,2.4753
12,96592,1.05,1,1.0022
9,110,2.32,0.9638,0.8054
6,353,1.027,1,1.6081
20,116,6.967,0.9401,2.2543
16,74,6.279,0.893,2.1227
17,117,5.468,0.9574,2.3141
48,74,59.172,0.5563,3.73
22,71,10.915,0.833,2.3085
11,73,3.596,0.9456,1.5705
13,6609,1.556,1,1.2492
9,73,2.7,0.9315,1.3364
8,42,2.93,0.9566,1.3935
19,215,5.028,0.9722,1.9312
14,333,2.958,0.994,1.6636
64,36142,7.553,0.9998,0.6378
19,120,6.355,0.9592,2.2513
8,588,1.309,0.9949,0.2812
28,9875,3.528,0.9999,0.5374
11,364,2.139,1,1.676
11,202,2.497,0.9951,1.9632
24,460,5.381,0.9892,2.4112
39,171,15.783,0.8949,3.0864
27,4829,3.773,0.9994,2.4237
15,1496,2.318,0.9993,1.834
13,359,2.643,0.9945,1.6207
21,543,4.342,0.9926,1.2207
19,1691,2.998,0.9988,0.5666
29,2870,4.488,0.999,1.9342
41,685,9.569,0.9869,3.081
50,1050,10.927,0.9791,1.778
70,391,24.843,0.9721,3.8372
37,1664,6.705,0.9946,2.5116
37,1615,6.75,0.9907,1.1765
24,4049,3.386,0.999,1.916
74,9948,10.847,0.9991,3.1977
11,148,2.746,0.9934,1.9501
7,227,1.368,0.9956,1.1144
11,2362,1.493,0.9992,1.3848
39,609,9.29,0.982,2.3486
8,680,1.273,0.9956,1.2005
7,114,1.646,1,1.1388
8,260,1.562,0.9923,1.4676
49,4884,7.573,0.9984,2.154
83,1752,18.114,0.9983,3.9341
59,1801,11.699,0.9972,3.3896
27,1024,5.085,0.9961,2.0335
19,735,3.562,0.9959,1.941
197,1415,62.19,0.9647,4.7627
48,2931,8.153,0.998,2.5965
21,1050,3.719,0.9943,1.8174
18,1802,2.78,1,2.3586
75,506,24.339,0.9527,3.717
37,13239,4.652,0.9995,1.9962
51,2115,9.411,0.9957,2.724
81,612,25.023,0.9445,3.3148
151,5187,29.102,0.9929,3.1496
152,5140,29.404,0.9946,3.4821
197,43824,26.593,0.9993,3.7686
10,1752,1.402,0.9994,1.4875
24,7326,3.088,0.9999,1.4393
27,17150,3.137,1,1.8344
12,197,2.815,0.9848,1.7988
46,469,12.635,0.9659,2.9018
23,131,8.084,0.9473,2.3806
42,1738,7.754,0.9948,2.2388
15,30696,1.512,1,1.3862
14,3157,1.886,1,1.374
21,2383,3.171,0.9987,2.0306
55,29406,6.539,0.9999,1.9715
12,1449,1.792,0.9993,1.3447
32,490,7.669,0.9796,2.244
52,1152,11.2,0.9818,2.2954
25,223,7.221,0.9732,2.7064
47,15241,5.994,0.999,0.8341
80,2406,15.922,0.9892,2.9546
19,168,5.507,0.9707,1.8153
41,682,9.581,0.9839,2.7715
10,826,1.6,0.9988,1.2418
24,2317,3.731,0.9991,2.1961
39,472,10.085,0.981,2.5991
61,1193,13.599,0.9891,3.1617
35,2683,5.682,0.9981,2.5562
24,2268,3.745,0.9965,1.47
12,261,2.597,0.9962,1.8871
85,35877,10.439,0.9996,1.1674
17,420,3.557,0.9881,1.8586
30,25775,3.353,1,2.5408
29,5957,3.964,0.9995,1.9971
6,304,1.06,0.9967,1.0262
20,665,3.885,0.991,1.2483
186,1270,60.039,0.9504,4.4625
13,192,3.151,0.9897,2.0036
10,146,2.432,0.9795,1.4029
6,76,1.528,0.9872,1.2725
18,240,4.507,0.9876,2.124
7,38,2.52,0.9224,1.4448
11,364,2.139,0.9973,1.7379
16,317,3.554,0.98740000000000006,1.6385
15,291,3.352,0.9966,1.8846
11,54,4.176,0.8896,1.726
8,65,2.398,0.9846,1.7157
10,60,3.427,0.9172,1.5588
14,103,4.374,0.9716,2.0058
18,1705,2.808,0.9982,1.5391
13,392,2.586,0.9873,1.324
10,336,1.937,0.9881,1.4009
28,1763,4.726,0.9983,2.3459
14,189,3.492,0.9896,1.7334
31,643,6.798,0.9891,2.3672
16,99,5.403,0.9299,1.9482
18,400,3.874,0.9925,2.0379
14,701,2.479,0.9972,1.6542
4,159,0.745,0.9937,0.8562
3,176,0.514,1,0.4977
13,127,3.627,0.9922,2.2033
18,507,3.641,0.9941,1.5731
4,215,0.698,1,0.7217
6,61,1.65,0.9508,1.1051
9,67,2.798,0.9557,1.6912
7,87,1.794,1,1.4213
21,197,5.95,0.9849,2.4664
8,103,2.026,0.9808,1.5483
27,487,6.161,0.9877,2.4616
13,327,2.707,0.9939,1.949
14,208,3.387,0.9904,1.9002
9,273,1.787,0.9927,1.083
12,649,2.09,0.9938,0.9571
7,190,1.429,0.9895,1.0032
15,242,3.538,0.9794,1.7281
10,87,2.917,0.9663,1.2085
16,181,4.235,0.9838,1.5607
14,397,2.827,0.9925,1.4965
6,105,1.381,0.9811,0.594
6,110,1.363,0.9909,0.9821
29,1634,5.008,0.9951,1.9326
24,465,5.365,0.985,2.0961
11,23,8.271,0.6957,2.1711
18,297,4.217,0.9866,2.1752
15,76,5.598,0.9352,2.2221
19,423,4.087,0.9929,2.3443
5,72,1.221,1,1.2971
9,46,3.344,0.9348,1.6833
5,59,1.304,1,1.3272
4,969,0.533,1,0.6462
5,1537,0.643,0.9993,0.7546
7,140,1.551,0.9787,0.9922
25,3240,3.688,0.9991,2.1998
8,177,1.724,1,1.537
16,571,3.056,0.9948,1.2021
45,3301,7.369,0.9961,1.8273
25,47387,2.542,1,1.9464
16,203,4.072,1,2.6322
19,281,4.603,0.9858,1.9166
13,3338,1.717,1,0.9853
13,9176,1.49,1,1.0678
41,1019,8.564,0.9912,2.6437
63,783,16.146,0.9834,3.418
39,740,8.77,0.9973,3.1306
61,337,21.769,0.9616,3.7453
39,298,11.991,0.9934,3.4421
23,1602,3.805,0.9988,1.8834
33,252,10.149,0.9764,2.884
51,641,13.022,0.9766,3.0384
132,1060,39.759,0.9595,4.0735
127,726,44.556,0.9408,4.223
34,184,12.261,0.9569,2.9999
12,858,1.975,0.9988,1.0999
46,30111,5.324,0.9998,2.4939
29,555,6.505,1,2.9551
184,2552,45.491,0.9812,4.0448
37,1459,6.906,0.9973,2.3085
47,710,11.311,0.9902,2.7584
28,178,9.337,0.9386,2.3403
73,433,25.153,0.9239,3.2908
31,4897,4.422,0.999,1.6191
76,7894,11.658,0.999,2.926
54,1249,11.496,0.9896,2.4438
33,505,7.91,0.9862,2.4294
31,369,8.062,0.992,2.8414
8,249,1.579,0.996,1.1781
8,212,1.644,0.9953,1.5254
37,538,9.011,0.9796,2.4516
82,733,23.666,0.9605,3.4157
80,469,27.722,0.9404,3.5513
18,385,3.914,0.9948,1.9534
93,490,34.003,0.9348,3.9036
10,11050,1.083,1,1.059
32,1061,6.219,0.9972,2.5027
13,295,2.782,0.9967,1.8283
9,391,1.644,0.9974,1.4261
39,369,11.014,0.973,2.6653
30,361,7.773,0.9751,2.4495
22,190,6.436,0.9688,2.0801
44,547,11.276,1,3.2676
7,95,1.743,0.9789,1.2877
90,728,27.028,0.974,3.8653
58,732,14.789,0.9836,3.5145
6,5652,0.663,1,0.9226
29,2910,4.476,0.9986,2.6328
23,599,4.746,0.99,2.5587
25,1657,4.177,0.9988,2.0946
31,3130,4.78,0.9978,2.2706
8,577,1.314,1,1.4452
31,4613,4.466,0.9983,1.4307
36,94,21.332,0.864,3.3048
18,177,5.01,0.9775,2.3824
53,738,13.087,0.9811,3.014
30,1129,5.66,0.9956,2.4052
24,43,22.398,0.6577,2.9243
49,224,19.356,0.9647,3.6052
63,420,20.555,0.9572,3.398
9,83,2.566,0.9401,1.1689
19,164,5.559,0.988,2.4245
14,486,2.691,0.9959,1.8326
25,129,9.241,0.946,2.8564
39,587,9.396,0.9864,2.817
11,222,2.431,0.991,1.8522
73,5127,12.056,0.998,3.0709
18,78,7.335,0.9366,2.5536
21,128,7.142,0.9375,2.518
24,885,4.549,0.9989,2.3178
31,1696,5.386,0.9988,2.4844
83,784,23.454,0.9694,3.7748
73,575,22.163,0.974,3.7604
38,266,12.132,0.9512,2.9996
65,333,24.118,0.9401,3.6411
77,997,19.467,0.981,3.4172
60,637,16.241,0.9765,3.1028
38,1711,6.885,0.9971,2.4982
33,756,7.043,0.9934,2.4668
26,539,5.703,0.9926,2.7517
97,4645,17.339,0.9955,3.5778
105,11882,15.86,0.9986,3.5738
103,874,30.341,0.9554,3.685
64,1609,13.329,0.9888,2.9289
84,3811,15.193,0.9948,2.9812
21,1255,3.583,0.9984,1.4479
28,299,7.563,0.9767,2.7041
65,1478,13.901,0.9885,3.0046
28,198,8.9,0.9799,2.9192
108,1254,28.327,0.9713,3.8381
83,960,21.799,0.9823,3.6857
51,758,12.336,0.9921,3.2996
28,110,12.121,0.9471,2.9008
49,908,11.093,0.9879,2.69
66,489,20.559,0.9592,3.4247
61,297,23.262,0.9295,3.5645
52,370,16.483,0.9569,3.2011
14,148,3.795,0.9732,1.6643
17,165,4.755,0.9637,2.0667
17,70,7.145,0.9155,2.3836
33,595,7.531,0.995,2.5899
26,289,6.924,0.9724,2.1027
15,58,6.56,0.8811,2.1784
93,584,31.188,0.9658,4.118
73,386,26.641,0.938,3.7605
44,466,11.92,0.9743,2.6687
30,128,12.339,0.9067,2.8555
34,235,10.916,0.9661,3.0761
19,415,4.108,0.9856,1.767
18,713,3.356,1,2.3202
64,1375,13.9,0.9891,3.0665
35,1720,6.221,0.9988,2.9256
26,97,11.641,0.8877,2.7602
23,87,10.204,0.9101,2.576
16,297,3.621,0.9866,1.9782
15,233,3.579,0.9872,2.1264
12,72,4.112,0.9869,2.2366
12,128,3.243,0.9688,2.0825
43,278,14.227,0.9498,3.0771
28,2441,4.436,0.998,1.589
30,143,11.575,0.9024,2.8521
21,75,9.685,0.9081,2.6713
23,109,8.903,0.9089,2.4962
54,790,13.126,0.9861,3.0715
66,409,22.271,0.9561,3.5508
53,417,16.098,0.9737,3.0569
19,77,8.065,0.8838,2.28
14,47,6.746,0.8954,2.2683
31,133,12.708,0.8952,2.7903
3,5,3.167,0.9,1.0549
29,104,13.336,0.8663,2.7422
68,628,19.381,0.9746,3.5997
37,721,8.257,1,3.0953
12,140,3.142,0.9787,1.7205
24,47,19.65,0.7288,2.9241
30,1696,5.177,0.9965,1.5886
33,1416,6.043,0.9936,1.7108
15,482,2.937,0.9979,1.3671
62,527,18.251,0.9659,3.4421
7,122,1.613,0.9918,1.6422
50,898,11.423,0.9889,3.186
33,1120,6.378,0.9946,2.7068
64,628,17.829,0.9825,3.5181
27,128,10.449,0.9385,2.7957
57,596,15.513,0.9732,3.5021
70,356,26.074,0.9525,3.7523
67,511,20.616,0.9687,3.6557
46,207,18.336,0.9327,3.2958
53,254,20.388,0.9333,3.5353
64,582,18.349,0.9863,3.6318
59,2948,10.45,0.9969,3.0163
44,554,11.228,0.991,3.233
28,169,9.567,0.9529,2.6642
60,199,29.169,0.9052,3.7546
31,13446,3.793,0.9999,2.6731
53,2990,9.15,0.9957,2.5782
64,2765,11.702,0.9953,2.6287
46,1968,8.429,0.9944,2.132
48,1446,9.549,0.9917,3.0409
26,300,6.834,0.9634,1.7629
41,734,9.375,0.9796,2.2495
45,141,22.837,0.88,3.4999
15,86,5.255,0.978,2.1881
46,324,14.646,0.9754,3.2201
63,751,16.376,0.9787,3.1016
45,197,18.228,0.909,3.3828
24,193,7.225,0.9901,2.4502
27,353,6.804,0.983,2.6845
35,4890,5.097,0.9988,2.4754
42,344,12.549,0.9536,2.8996
30,829,6.098,0.9916,2.5904
49,1435,9.816,0.9937,2.6357
40,136,19.098,0.8831,3.2898
24,2231,3.757,0.9991,2.2727
65,1767,13.267,0.9904,3.0699
134,640,51.644,0.9361,4.2807
25,142,8.799,0.9723,2.79
55,259,21.365,0.9269,3.473
15,64,6.17,0.9229,2.2893
66,3281,11.703,0.9973,3.2785
96,651,31.083,0.9632,3.9753
15,119,4.541,0.9835,2.1507
56,721,14.184,0.9834,2.9311
38,169,15.251,0.9355,3.1969
37,1080,7.418,0.9935,2.6015
59,1459,12.34,0.9911,2.4005
53,1383,10.932,0.9884,1.9545
47,595,11.972,0.9799,3.0537
16,66,6.717,0.91,2.319
17,144,5.011,0.9584,2.3939
75,1081,18.317,0.9769,3.3125
32,318,8.873,0.956,2.6376
57,2011,10.916,0.9965,2.5932
73,298,30.846,0.9164,3.8126
41,326,12.4,0.9664,3.1025
37,182,14.031,0.9345,3.0314
24,187,7.319,0.9576,1.9399
42,7713,5.845,1,3.1848
12,88,3.755,0.9545,1.9907
56,270,21.47,0.8854,2.8955
7,61,2.04,0.9508,1.2169
38,162,15.637,0.9015,3.1656
23,521,4.924,0.9904,1.9417
18,302,4.196,0.9835,2.0848
24,3906,3.406,0.9997,1.9468
28,1701,4.761,0.9965,2.0853
24,971,4.453,0.9938,1.6107
19,429,4.071,0.993,2.1561
97,888,27.739,0.973,4.0275
34,291,9.981,0.9451,2.5771
254,1994,77.222,0.9564,4.4898
35,1496,6.415,0.9947,1.9571
142,9413,23.722,0.9965,1.7426
15,170,3.967,0.9826,1.928
14,223,3.315,0.9911,1.9109
11,191,2.538,0.9843,1.5035
5,182,0.951,0.9945,1.2787
22,709,4.305,0.9915,2.1476
4,154,0.751,1,1.3136
7,269,1.314,0.9926,0.7142
14,128,4.006,0.969,2.044
7,159,1.497,0.98740000000000006,1.5015
6,185,1.187,1,1.3661
5,74,1.211,0.9865,1.0244
9,63,2.873,0.9365,1.6209
9,392,1.643,0.9974,1.6899
12,772,2.017,0.9974,1.6672
11,935,1.751,0.9979,1.0116
5,84,1.165,0.9762,0.5041
28,1420,4.944,0.9986,2.4161
14,675,2.499,1,2.0822
7,163,1.488,0.9816,1.1865
7,144,1.539,0.9861,1.2056
11,1996,1.534,0.9995,1.6568
6,170,1.212,0.9941,1.0692
5,149,0.997,0.9933,0.8542
5,142,1.009,0.9931,0.79
7,260,1.325,0.9923,0.8502
3,58,0.671,1,0.4507
6,139,1.277,0.9856,1.2612
4,45,1.061,1,0.6528
4,80,0.886,1,1.1674
10,68,3.234,0.9563,1.7997
3,42,0.739,0.9762,0.7749
4,28,1.277,0.9667,1.0096
18,537,3.589,0.9926,2.0089
14,237,3.255,0.9832,1.8938
7,293,1.289,0.9966,1.4942
5,166,0.971,1,1.1332
12,252,2.623,0.9842,1.6088
17,51,8.929,0.8251,2.478
9,34,3.996,0.9152,1.6238
4,84,0.874,0.9884,0.782
24,64,13.948,0.7661,2.7503
8,58,2.515,0.9483,1.6578
8,66,2.383,0.9697,1.1655
7,194,1.422,1,1.4262
8,61,2.462,0.9683,1.5089
8,31,3.494,0.9395,1.8019
5,45,1.439,0.9778,1.3219
3,85,0.606,1,0.6602
4,129,0.783,1,1.0679
4,86,0.869,1,0.6389
7,89,1.78,0.9775,1.1712
5,50,1.383,0.98,1.3968
4,87,0.866,1,1.1937
8,164,1.76,1,1.8982
5,105,1.093,1,1.4064
3,608,0.411,0.9984,0.075
12,600,2.125,1,2.108
14,493,2.682,0.9939,1.5766
11,141,2.79,0.993,1.979
11,185,2.562,0.9946,2.0264
5,150,0.996,1,1.3916
9,182,1.988,0.9945,1.5538
8,310,1.499,0.9936,0.9115
10,631,1.687,0.9984,1.3242
5,263,0.876,1,1.0748
3,179,0.512,1,0.5369
10,425,1.835,0.9953,1.333
6,3113,0.716,1,1.3777
9,75,2.67,0.9877,1.566
9,374,1.66,1,1.3924
14,50,6.456,0.8608,2.1724
12,134,3.19,0.993,1.8213
11,196,2.519,0.9847,1.84
23,176,7.067,0.972,2.3638
8,124,1.91,0.9919,1.7004
19,498,3.915,0.99,1.6094
14,456,2.733,0.9956,1.759
17,712,3.13,0.993,1.5518
10,271,2.043,0.9963,1.5817
8,111,1.978,0.982,1.6457
10,105,2.718,1,1.8707
12,91,3.701,0.9783,2.0733
13,68,4.771,0.942,2.0125
16,496,3.161,0.9859,1.7217
43,8127,5.956,0.9994,2.3649
17,358,3.712,0.9889,1.8766
12,158,3.017,0.9876,1.2745
20,8098,2.471,0.9998,0.9131
9,200,1.937,1,1.9765
13,410,2.557,0.9951,1.8905
8,49,2.715,0.898,1.3879
8,1109,1.166,0.9991,1.376
12,644,2.093,0.9969,1.8052
11,100,3.154,0.9906,1.9125
6,51,1.766,0.9811,1.1205
38,519,9.441,0.9904,2.6562
12,130,3.225,0.9773,1.58
23,137,7.909,0.9714,2.6764
10,93,2.843,0.9682,1.8175
28,1144,5.184,0.9965,2.5504
39,1314,7.551,0.9947,2.3426
24,470,5.349,0.9788,1.009
24,144,8.224,0.9307,2.4845
25,149,8.594,0.9333,2.517
12,537,2.177,1,1.7884
12,395,2.336,0.9975,2.011
15,277,3.399,0.9892,1.8117
20,162,6.003,0.957,2.1826
32,10666,4.065,0.9996,1.7491
8,52,2.64,0.9423,1.7164
13,482,2.461,0.9959,1.228
11,382,2.115,0.9948,1.2679
3,58,0.671,0.9828,0.4178
3,41,0.745,1,0.666
23,2809,3.428,0.9989,1.9254
43,920,9.35,0.9891,2.8019
40,597,9.662,0.9916,3.0711
37,599,8.717,0.99,2.9914
51,449,14.807,0.9622,3.011
52,505,14.542,0.9664,3.0156
24,174,7.546,1,3.0423
31,250,9.321,0.9601,2.537
12,348,2.41,0.9971,1.9706
15,1218,2.409,0.9992,1.9242
24,18566,2.718,0.9997,1.3718
28,92,13.707,0.8705,2.9351
59,1441,12.381,0.9958,3.0898
56,1574,11.334,0.993,2.6818
47,390,13.97,0.9436,2.7476
63,310,23.886,0.9326,3.5297
54,412,16.614,0.9419,2.9889
27,175,8.923,0.949,2.3375
18,102,6.342,0.9414,2.4648
16,244,3.839,0.9796,2.1029
31,69,21.646,0.7553,3.1357
18,125,5.767,0.9445,1.8795
12,53,4.836,0.9273,2.0117
35,680,7.817,0.9868,2.315
28,123,11.319,0.9111,2.8549
56,2220,10.439,0.9914,2.6662
38,229,12.994,0.9697,3.1619
33,181,11.819,0.923,2.8141
26,154,8.965,0.9612,2.7593
36,667,8.151,0.9835,2.1369
36,757,7.865,0.9894,2.1377
53,414,16.147,0.9421,2.963
62,368,21.356,0.9213,3.2709
74,204,41.743,0.8045,3.9116
25,187,7.756,0.9627,2.2917
28,226,8.416,0.9604,2.4003
58,1519,11.952,0.9947,3.1658
5,487,0.776,1,0.7583
5,878,0.701,1,1.1609
6,124,1.317,1,1.3338
3,613,0.41,0.9984,0.7036
8,201,1.666,1,1.5382
6,411,0.996,0.9951,0.7092
10,359,1.907,1,1.4528
11,224,2.425,1,2.1862
12,155,3.036,1,2.095
4,384,0.622,1,0.5869
9,257,1.814,1,1.654
4,53,1.004,0.9811,1.1532
5,40,1.508,0.9513,1.0177
6,128,1.306,0.9922,1.6021
3,108,0.572,1,0.5993
8,109,1.989,0.9725,0.8992
4,218,0.696,1,1.1697
4,281,0.661,1,0.9996
10,135,2.494,0.9928,1.2809
5,102,1.102,0.9902,1.2667
5,610,0.745,1,1.0664
12,717,2.047,0.9944,1.2777
38,934,7.961,0.9915,2.2098
40,748,9.032,0.9907,2.6831
24,2140,3.786,0.9991,2.2757
25,1082,4.569,0.9963,2.1291
5,112,1.074,0.9912,0.443
35,171,13.322,0.9361,3.1841
26,54,19.714,0.7647,3.0054
17,45,9.947,0.7333,2.401
17,80,6.606,0.9506,2.5118
19,72,8.419,0.8623,2.3529
46,636,11.384,0.9906,3.2112
54,596,14.416,0.9749,3.1541
42,525,10.743,0.9772,2.8445
20,332,4.677,0.991,2.1176
6,71,1.564,0.9718,1.1001
46,238,16.979,0.9416,3.3283
45,258,15.765,0.9265,3.1556
3,557,0.417,1,0.5524
11,460,2.026,0.9978,1.1367
9,1475,1.276,0.9993,0.8895
9,169,2.03,0.9942,1.5134
9,157,2.074,0.9937,1.7783
70,411,24.239,0.971,3.7076
73,375,27.047,0.9308,3.6992
75,390,27.611,0.9463,3.7442
48,256,17.44,0.9144,3.0101
13,31,8.423,0.879,2.417
11,25,7.504,0.8,2.2479
12,26,8.644,0.8193,2.2913
3,12,1.284,0.9167,0.9184
8,53,2.618,0.9811,1.7355
19,223,4.965,0.9867,2.2222
5,112,1.074,0.9911,1.2328
16,182,4.227,0.9726,1.9891
10,89,2.891,0.9778,1.699
3,20,0.979,1,0.8018
9,265,1.801,0.9962,1.1279
9,86,2.532,0.9654,1.4605
5,427,0.795,1,0.9161
8,142,1.834,0.9931,1.599
10,53,3.645,0.9643,1.9464
3,97,0.587,0.9897,0.3158
6,549,0.942,1,1.1298
7,103,1.698,0.9905,1.5747
9,108,2.334,0.963,1.1467
14,285,3.086,0.9825,1.5631
5,167,0.97,1,0.9886
7,59,2.068,1,1.5756
8,797,1.236,1,1.6477
9,99,2.406,0.9703,1.0988
23,60,13.641,0.8361,2.859
25,75,13.132,0.8544,2.9383
42,362,12.296,0.978,3.1297
38,314,11.314,0.9651,2.8938
44,767,10.14,0.987,2.46
62,4222,10.302,0.9983,2.3652
68,5103,11.086,0.9984,2.9105
10,73,3.135,0.9452,1.7228
10,50,3.759,0.9822,2.0535
5,55,1.336,0.9825,1.2785
12,495,2.217,0.998,1.5281
9,466,1.582,0.9957,1.4389
12,680,2.07,0.9941,1.5693
9,97,2.423,0.9588,1.1486
8,185,1.703,0.9946,1.3504
3,51,0.697,1,0.9139
4,223,0.692,1,1.1368
5,96,1.121,1,1.0395
10,113,2.648,0.9913,2.0017
3,290,0.466,1,0.0987
9,244,1.838,0.9959,1.1107
4,81,0.883,1,1.2598
43,1475,8.29,0.9946,2.6621
15,320,3.264,0.9906,1.7531
11,326,2.197,0.9939,1.6663
12,253,2.62,0.9921,1.6761
34,1093,6.658,0.9918,2.4213
12,375,2.366,0.9973,1.7059
8,109,1.989,0.9818,1.5716
9,91,2.48,0.9892,1.7299
7,142,1.545,0.9859,0.7889
4,96,0.843,1,1.2205
4,49,1.03,1,1.289
6,615,0.923,1,0.9764
5,43,1.465,0.9546,0.7061
3,135,0.544,0.9927,0.1207
3,61,0.662,1,1.069
5,140,1.013,0.9929,1.0935
5,146,1.002,0.9932,1.1004
3,44,0.729,0.9773,0.5034
5,54,1.345,0.9815,1.3507
3,238,0.484,1,0.2906
3,129,0.549,0.9922,0.6888
4,81,0.883,1,0.9708
6,90,1.447,0.9891,0.9676
5,53,1.354,0.9811,1.3049
3,137,0.542,0.9927,0.4172
4,386,0.622,1,0.8971
14,45,6.967,0.915,2.4139
9,348,1.687,1,1.4822
4,388,0.621,1,0.8933
12,87,3.773,0.977,2.1987
11,846,1.785,1,1.6508
11,1971,1.537,1,1.6013
3,54,0.685,0.9815,0.7682
5,136,1.02,0.9928,0.7418
3,176,0.514,1,0.6497
10,486,1.782,0.9959,1.7291
5,80,1.182,1,1.5424
3,104,0.577,1,0.7438
4,103,0.828,1,1.1693
10,182,2.276,0.9945,1.735
10,243,2.101,0.9918,1.6272
4,130,0.781,0.9923,1.1178
4,105,0.824,0.981,0.6617
5,139,1.015,0.9929,0.61240000000000006
31,361,8.123,0.989,2.9498
10,77,3.065,0.9744,1.8235
6,55,1.715,0.9818,1.4864
6,159,1.233,0.9938,1.1857
3,54,0.685,0.9815,0.639
7,92,1.761,1,1.6247
8,175,1.729,1,1.6015
5,161,0.979,1,1.219
5,53,1.354,0.9811,1.2703
5,91,1.138,1,1.2077
5,2500,0.6,1,1.3486
3,51,0.697,1,0.9755
4,64,0.946,1,1.1459
6,425,0.989,1,0.9768
7,207,1.399,0.9904,1.0339
11,521,1.971,0.9981,1.4258
7,2848,0.864,1,1.5949
8,651,1.284,0.9985,1.3539
6,110,1.363,0.9909,1.4472
3,134,0.544,1,0.4218
19,293,4.543,0.9967,2.2367
7,70,1.936,0.9861,1.3833
12,506,2.206,0.9941,1.5874
10,353,1.915,0.9972,1.6718
14,1887,2.051,0.9963,0.2029
65,1757,13.287,0.992,2.7727
26,85,12.776,0.8722,2.7855
33,337,9.059,0.9704,2.6459
33,190,11.537,0.9371,2.8687
54,980,12.299,0.9888,3.163
27,345,6.856,0.974,1.7301
50,957,11.215,0.9822,2.4968
36,310,10.543,0.9453,2.4758
70,753,18.859,0.9655,2.8206
62,1550,12.931,0.9897,3.0504
56,1538,11.401,0.9903,2.6843
20,1247,3.383,0.9984,1.8078
107,1248,28.021,0.9768,3.9051
15,110,4.693,0.9732,2.1719
29,530,6.592,0.9849,2.1655
71,1711,14.951,0.9907,2.8841
54,707,13.603,0.9788,3.0241
35,79,24.058,0.7867,3.336
51,229,20.355,0.8911,3.1062
23,308,5.751,0.9773,2.2675
38,560,9.216,0.984,2.4081
15,271,3.421,0.9964,2.2081
203,3270,47.9,0.9804,3.6676
192,2233,50.331,0.9722,3.9944
153,1488,42.763,0.9523,3.5801
51,686,12.734,0.9665,1.6623000000000001
29,716,6.068,0.9902,2.5504
91,4961,15.823,0.9972,3.356
65,1029,15.419,0.9718,2.6746
63,1086,14.567,0.9751,2.6257
15,1058,2.475,1,2.4261
10,260,2.065,1,2.0947
15,740,2.664,1,2.2946
55,1961,10.507,0.9985,3.0602
19,397,4.158,0.9899,2.3069
30,1178,5.605,0.9958,2.1899
24,1508,4.053,0.9967,2.0755
30,642,6.523,0.9844,2.3315
15,193,3.8,0.9742,1.8132
22,405,4.99,0.9852,2.0716
16,128,4.827,0.969,2.0046
11,44,4.708,0.9101,2.1131
17,213,4.345,0.9814,2.0227
11,583,1.924,0.9966,1.0695
13,4980,1.619,1,1.5156
12,9810,1.35,0.9999,1.4036
16,60,7.139,0.9189,2.3696
16,919,2.752,0.9989,0.9329
77,1924,16.062,0.9881,2.7759
23,255,6.13,0.9805,2.6695
18,2022,2.722,1,1.8813
12,503,2.209,0.998,1.9963
11,132,2.853,0.9774,1.708
11,165,2.653,0.9758,1.6656
25,176,7.962,0.9376,2.3916
13,181,3.21,0.9948,1.96
57,3893,9.466,1,3.6122
8,125,1.905,0.9921,1.6801
11,212,2.463,0.9953,1.6048
34,119,15.902,0.9423,3.271
24,186,7.336,0.9894,2.8581
9,214,1.902,0.9907,1.4582
15,902,2.556,0.9967,2.1036
18,482,3.688,0.9938,1.9398
16,1661,2.454,0.9988,1.9783
14,3229,1.879,1,1.2202
26,571,5.613,0.9948,2.3824
53,1952,10.049,0.9949,2.9581
24,274,6.332,0.9709,2.0636
10,75,3.099,1,2.026
12,81,3.893,0.9642,1.8618
7,1800,0.924,1,1.4958
4,203,0.706,1,1.1577
4,189,0.717,1,1.1472
16,1452,2.516,0.9993,1.6306
11,128,2.883,1,2.0416
12,205,2.782,1,2.1049
15,2809,2.081,0.9993,1.5507
32,7568,4.279,0.9989,1.7515
16,827,2.814,0.9976,1.999
13,684,2.277,1,1.8313
11,3455,1.409,0.9997,1.0069
30,251,8.887,0.9642,2.6862
35,898,7.251,0.9933,2.4535
14,229,3.288,0.9913,1.9401
12,1200,1.853,0.9967,1.3599
9,400,1.635,0.9925,1.3681
11,2147,1.516,0.9991,1.6123
12,597,2.127,0.9967,1.6095
4,3868,0.441,1,0.5059
9,226,1.875,0.9912,1.7438
60,584,16.765,0.9692,3.1143
6,566,0.937,0.9982,0.8468
28,4111,4.043,1,2.7394
38,5380,5.521,0.9991,2.8185
8,291,1.521,0.9932,1.0413
14,614,2.551,1,1.7924
25,4693,3.467,0.9994,2.1659
22,89,9.349,0.9458,2.7196
16,357,3.439,0.9972,1.9534
20,121,6.826,0.934,2.5196
31,269,9.051,0.9481,1.9746
36,282,10.955,0.9468,2.9627
16,11025,1.839,0.9999,1.8649
14,945,2.33,0.9947,1.0965
19,1508,3.064,0.996,1.6002
21,669,4.121,0.9821,1.1291
24,620,4.963,0.9984,2.6007
10,381,1.881,0.9974,1.1653
12,45,5.354,0.8918,1.9828
30,3414,4.527,1,2.9892
30,3394,4.532,1,3.0258
12,40,5.812,0.8513,2.1011
6,51,1.766,0.9818,1.2892
13,2696,1.774,1,2.2261
16,118,4.994,0.941,2.0829
9,667,1.471,0.9985,1.3969
30,306,8.239,0.9772,2.9306
12,363,2.385,0.9918,1.5195
14,74,5.11,0.9065,1.6887
87,1450,20.319,1,4.2111
71,1019,17.363,0.9657,1.3059
198,1303,64.982,0.9325,4.3749
99,772,30.182,0.9456,3.5278
14,297,3.051,0.9798,0.8886
73,985,18.209,0.9807,3.4833
71,1766,14.828,0.9926,3.4437
33,254,10.116,0.9411,2.4506
16,127,4.842,0.9529,1.8271
71,157,49.947,0.7784,4.0094
69,1687,14.475,0.9953,3.6739
44,451,12.062,0.9734,2.9698
58,4371,9.448,0.9991,3.2223
56,553,15.563,0.9802,3.425
43,247,15.05,0.9477,3.153
29,1338,5.226,0.9963,1.7177
7,64,2.003,0.9541,1.0574
133,628,51.586,0.9906,4.618
78,422,28.132,0.9409,3.7331
16,1944,2.387,0.9985,1.4986
67,960,16.394,0.9917,3.3748
12,70,4.168,0.9441,1.8604
61,2314,11.487,0.997,3.258
38,870,8.112,0.98740000000000006,2.7632
18,425,3.811,1,2.3389
20,438,4.321,0.9932,1.9351
24,94,10.409,0.9371,2.7824
31,3656,4.648,1,3.221
38,383,10.482,1,3.5579
57,1244,12.326,0.9944,3.3953
210,749,96.935,0.8746,4.713
13,113,3.793,0.9828,2.0802
53,195,23.951,0.8824,3.5328
14,148,3.795,1,2.3713
15,55,6.794,0.8916,2.4157
9,318,1.723,0.9937,1.5555
12,210,2.762,0.9858,1.7577
33,584,7.572,0.988,2.5171
43,764,9.855,0.9882,2.9403
20,916,3.61,0.9978,1.7799
9,505,1.556,1,1.4421
49,304,16.526,0.9871,3.5232
58,499,16.992,0.9841,3.2886
5,62,1.282,1,1.3352
15,213,3.681,0.9861,1.9127
5,89,1.145,0.9775,0.6255
9,240,1.846,1,1.7159
6,58,1.681,1,1.4993
11,491,1.997,0.9959,1.3969
34,1639,6.069,0.9963,2.8927
19,77,8.065,0.9361,2.6863
17,287,3.955,0.9756,1.1476
9,2655,1.164,0.9996,1.1546
51,169,24.81,0.9062,3.641
35,819,7.428,0.978,2.3586
16,159,4.436,0.9814,2.094
19,275,4.634,0.9965,2.3001
54,5672,8.266,0.9982,2.7803
31,25559,3.483,1,2.0452
6,394,1.004,1,1.4433
17,205,4.402,1,2.6638
7,183,1.443,0.9945,1.1858
8,38,3.093,1,2.0138
18,107,6.196,0.9444,2.2823
26,126,9.94,0.9288,2.7741
31,129,12.945,0.931,3.056
14,80,4.913,0.9637,2.1006
8,51,2.664,0.9616,1.5933
16,100,5.378,0.9512,1.9204
12,537,2.177,1,1.7884
17,692,3.15,0.9986,2.2061
18,745,3.323,0.9946,1.6008
19,249,4.785,0.9881,1.7594
8,122,1.92,0.9918,1.631
16,111,5.128,0.9641,2.3099
6,111,1.359,0.9912,0.7438
33,193,11.449,0.9381,2.7611
18,95,6.575,0.9371,2.4877
10,541,1.742,1,1.7068
32,306,9.001,0.9804,2.8736
21,100,8.107,0.9404,2.7093
19,76,8.131,0.8958,2.515
39,1386,7.456,0.9935,2.7136
79,1003,20.103,0.9651,3.0864
53,1070,11.711,0.9823,1.9399
66,1024,15.753,0.9883,2.7613
11,1136,1.689,0.9991,1.5913
36,8914,4.78,0.9992,1.6232
29,1220,5.334,0.9926,2.1057
20,284,4.908,0.9683,1.5393
27,210,8.24,0.9765,2.7218
11,20,10.032,0.6052,2.0806
33,1047,6.482,0.9943,2.4509
73,442,24.906,0.9843,4.0416
96,1186,24.653,0.9882,3.9987
6,241,1.115,0.9876,0.5831
47,4443,7.334,0.998,2.6202
19,100,6.951,0.941,2.3145
36,1252,6.918,0.9984,2.871
13,91,4.15,0.9787,2.0834
17,202,4.424,1,2.2756
4,63,0.95,0.9683,0.5078
47,1013,10.199,0.9961,3.3371
23,434,5.18,0.9862,2.2324
21,885,3.861,0.9955,1.9908
9,76,2.656,0.9872,1.8206
4,62,0.955,1,0.9649
17,106,5.72,0.9729,2.1216
19,2928,2.721,0.999,1.5983
33,337,9.059,0.9675,2.554
3,120,0.558,1,0.8259
11,103,3.119,0.9907,1.9427
42,256,14.284,0.9651,3.1415
7,44,2.346,0.9545,1.5528
6,927,0.859,0.9989,0.3594
33,779,6.987,0.9897,2.1113
20,353,4.592,0.9887,2.2155
28,771,5.697,0.9896,1.814
20,360,4.566,0.9833,1.2263
26,684,5.352,0.9927,1.3132
25,733,5.007,0.9877,1.1339
69,1268,15.659,0.9819,3.0788
26,411,6.17,0.9903,2.6839
4,49,1.03,1,1.2171
5,42,1.479,1,1.2528
6,140,1.274,1,1.3904
9,324,1.715,0.9938,0.9003
13,326,2.709,0.9939,1.704
12,157,3.024,0.9811,1.8097
76,366,29.157,0.9401,3.6974
32,656,7.04,1,2.8236
9,116,2.279,0.9828,1.6334
6,253,1.103,1,1.2684
15,175,3.928,0.983,2.1775
33,137,13.8,0.913,3.0303
15,109,4.712,0.9451,1.8154
6,84,1.479,0.9643,0.8513
41,462,10.866,0.9763,2.923
37,300,11.101,0.9735,3.0165
111,2443,23.949,0.9918,3.9367
68,6732,10.522,0.9978,2.5948
16,71,6.43,0.9589,2.5189
28,149,10.185,0.9468,2.7051
35,258,10.926,0.9692,2.9007
11,157,2.695,0.9875,1.4269
5,78,1.191,0.9615,0.5581
7,99,1.72,0.9899,1.7202
64,1965,12.673,0.9939,3.0818
41,294,12.953,0.949,2.9221
47,178,20.835,0.9053,3.312
39,175,15.571,0.932,3.0028
58,620,15.661,0.9758,3.4862
68,1561,14.506,0.9936,3.0272
60,479,18.116,0.952,3.2917
10,1399,1.456,0.9993,1.7559
33,149,13.129,0.9335,2.8879
48,699,11.685,0.9829,2.6972
39,8147,5.317,0.999,1.5196
92,38822,11.299,0.9997,3.0556
15,685,2.709,0.9971,2.0974
10,268,2.049,0.9926,1.2888
32,5487,4.503,0.9996,2.497
27,165,9.171,0.964,2.8652
21,2502,3.143,0.9988,1.9652
27,4944,3.759,0.9988,1.8352
62,372,21.245,0.9302,3.361
23,193,6.806,0.9743,2.6648
35,1137,6.836,0.9947,2.5751
80,1725,17.357,0.9896,3.2277
9,283,1.772,0.9859,0.8556
21,987,3.769,0.9939,1.4593
7,434,1.185,0.9931,0.5084
6,353,1.027,0.9972,1.1367
6,449,0.979,1,0.8763
5,229,0.902,0.9913,0.7122
5,915,0.696,0.9989,1.3369
10,512,1.762,0.9981,1.6568
18,343,4.043,1,2.1008
9,19,6.688,0.748,1.9408
14,180,3.548,0.9889,1.956
12,116,3.362,0.9828,1.9647
4,60,0.965,1,1.2096
5,107,1.087,0.9907,1.0235
9,63,2.873,0.9841,1.8417
16,114,5.069,0.9478,2.0625
39,1054,7.972,0.9943,2.7613
8,71,2.315,0.9726,1.2842
13,637,2.312,1,2.3291
7,639,1.099,1,1.2497
43,399,12.233,0.975,3.1185
7,96,1.737,0.9896,1.5852
7,261,1.323,0.9962,1.054
7,553,1.13,0.9982,0.9475
6,81,1.496,0.988,0.9202
7,3152,0.852,1,1.0872
7,105,1.688,0.9905,1.6887
11,1922,1.543,0.9995,1.0512
7,950,1.024,1,1.4051
11,299,2.245,1,1.8562
16,124,4.89,0.9761,2.3684
8,300,1.51,1,1.4074
7,64,2.003,0.9688,1.5689
10,245,2.097,1,1.6588
18,880,3.203,0.9955,1.795
16,327,3.523,0.9817,1.7426
9,611,1.496,1,1.4744
7,48,2.255,0.9583,1.5668
5,17,2.387,0.9477,1.4788
6,142,1.27,0.993,1.2891
5,319,0.842,1,0.6979
4,91,0.855,0.978,0.4165
3,31,0.82,1,0.474
8,199,1.671,0.99,1.1185
9,1303,1.303,1,1.7417
8,542,1.331,1,1.1886
5,72,1.221,0.9865,0.8159
6,70,1.571,0.9714,1.2236
8,137,1.853,0.9782,1.1797
10,478,1.788,1,1.7358
10,58,3.483,0.9661,2.0691
4,679,0.564,0.9985,0.4995
8,612,1.299,0.9984,1.5002
6,69,1.579,0.971,1.3828
9,253,1.822,0.9961,1.4293
14,833,2.391,0.9988,2.1527
8,1041,1.179,1,1.421
6,123,1.32,1,1.3285
9,207,1.919,1,1.5291
10,600,1.705,0.9983,1.3466
6,615,0.923,1,1.2643
9,279,1.778,0.9965,1.2961
9,224,1.879,1,1.3597
13,391,2.587,0.9923,1.7779
8,22,4.523,0.9205,1.881
9,493,1.563,0.998,1.5862
6,342,1.034,1,1.4984
16,3183,2.198,0.9984,1.4756
5,130,1.032,0.9924,0.9623
7,133,1.573,0.9925,1.2239
13,205,3.087,0.9854,1.7642
3,148,0.533,1,0.8146
7,139,1.554,0.9928,1.196
6,65,1.612,0.9846,1.6226
5,92,1.134,0.9891,1.306
7,91,1.767,0.9892,1.4097
7,123,1.609,1,1.3189
5,54,1.345,0.9822,0.8759
5,95,1.124,0.9789,0.83
24,1393,4.119,0.9986,2.2012
15,112,4.657,0.9825,2.2547
12,226,2.704,0.9912,1.9421
13,156,3.371,0.968,1.8543
7,75,1.889,1,1.4767
4,131,0.78,1,1.151
13,47,5.945,0.9184,2.1029
30,1330,5.454,0.994,2.4964
27,2121,4.363,0.9986,2.2488
15,212,3.686,0.9717,1.9047
24,94,10.409,0.9054,2.7013
5,15,2.626,0.8756,1.2869
4,39,1.117,0.9487,0.7331
11,47,4.521,0.9601,2.1241
14,108,4.287,0.9539,1.9263
9,102,2.38,0.9906,1.6484
14,48,6.644,0.9209,2.1708
16,434,3.268,0.9954,2.1186
25,428,5.792,0.993,2.5925
31,725,6.58,0.9959,2.7875
5,2056,0.616,0.9995,0.0456
35,383,9.372,0.9844,3.011
41,388,11.578,0.9588,3.0366
41,351,12.035,0.9744,3.2617
10,313,1.971,0.9936,1.4987
42,2079,7.454,0.9947,2.4731
15,9193,1.751,1,2.2315
13,661,2.294,0.997,1.1741
6,60,1.66,0.9672,1.3007
8,55,2.574,0.9461,1.5203
13,215,3.043,0.9909,1.7518
10,103,2.737,0.9907,1.8209
7,41,2.427,0.9512,1.4801
19,607,3.726,0.9967,2.2787
8,391,1.424,1,1.3683
21,1598,3.414,0.9962,1.9246
13,103,3.937,0.9615,2.0836
26,445,6.025,0.9978,2.7663
24,213,6.946,0.9625,2.4727
23,707,4.553,0.9943,2.2822
12,1702,1.743,0.9988,1.0145
13,1482,1.961,0.9987,1.7609
36,3883,5.485,0.9987,2.6728
21,226,5.657,0.9957,2.6578
17,372,3.674,0.9919,1.9411
13,344,2.672,0.9913,1.5701
9,2051,1.21,1,1.6257
10,3354,1.269,0.9997,1.302
9,332,1.706,1,1.7628
7,124,1.606,1,1.6271
16,306,3.59,0.9837,1.754
14,232,3.275,0.9784,1.8284
15,112,4.657,0.9466,1.8951
18,343,4.043,0.9971,2.1451
18,116,5.964,0.9484,2.3622
18,435,3.788,0.9954,2.3632
13,1396,1.982,1,2.0613
20,350,4.604,0.9943,2.254
24,625,4.953,0.9952,2.2875
19,380,4.209,0.9974,2.3466
5,99,1.111,1,1.2028
20,1786,3.154,0.9983,1.7752
20,132,6.555,0.9626,2.4682
22,605,4.477,0.9901,2.1123
15,1948,2.212,0.9995,1.7158
15,185,3.854,0.9786,2.0388
26,6722,3.43,0.9994,1.3573
17,1179,2.815,0.9983,1.8595
14,1133,2.249,0.9974,1.4227
26,1257,4.638,0.9984,2.2387
26,11267,3.181,1,2.3274
10,215,2.171,0.9907,1.4232
18,355,4.003,0.9831,1.9907
13,232,2.975,0.9914,1.7651
26,3319,3.845,0.9985,2.3299
20,432,4.337,0.9954,2.3017
4,52,1.01,1,0.7736
38,2782,6.225,0.9978,2.2352
34,738,7.364,0.9932,2.7482
15,714,2.685,0.9986,1.718
22,982,3.993,0.9969,2.2045
7,160,1.495,1,1.616
19,501,3.908,0.994,2.0434
14,342,2.938,1,1.9859
16,4997,2.052,1,1.446
9,1667,1.251,0.9994,0.734
24,3305,3.503,0.9985,2.005
12,81,3.893,0.9753,2.1754
8,66,2.383,0.9848,1.5593
8,185,1.703,1,1.8189
14,2966,1.904,1,1.2188
11,166,2.648,0.994,1.7201
10,1585,1.426,1,1.4931
17,233,4.219,0.9828,2.3316
44,4317,6.819,0.9981,1.5186
7,2425,0.884,0.9996,0.1723
20,2228,3.029,0.9987,1.7892
11,634,1.891,0.9984,1.6126
26,1327,4.584,0.9992,2.4572
7,91,1.767,1,1.2683
19,3072,2.7,0.9993,1.5285
13,183,3.199,0.9728,1.4606
33,6339,4.559,0.9995,2.3981
27,564,5.909,0.9912,2.4446
9,70,2.747,0.9714,1.6544
11,85,3.366,0.9647,1.8864
9,42,3.514,0.9319,1.6546
17,223,4.28,0.9776,2.2972
7,3152,0.852,1,1.0459
21,234,5.588,0.9915,2.5103
21,415,4.668,0.9952,2.2756
10,609,1.699,0.9967,1.4456
7,357,1.234,0.9972,1.0747
23,510,4.952,0.9981,2.296
19,339,4.349,0.9794,1.9879
10,112,2.656,0.9823,1.6792
16,711,2.907,0.9986,2.2133
36,4091,5.434,0.9998,2.9668
13,65,4.886,0.8923,2.0104
5,43,1.465,0.9778,1.0552
20,168,5.915,0.9823,2.6277
18,350,4.019,0.9914,2.2015
16,483,3.181,0.9979,2.0478
9,462,1.585,0.9978,1.6687
5,2720,0.593,0.9993,0.0236
6,88,1.457,0.9775,1.202
154,1367,44.567,0.9649,4.2632
36,156,14.671,0.8785,2.753
31,934,6.167,0.9968,2.5734
40,384,11.234,0.9662,2.7208
13,129,3.606,0.9847,2.0315
8,59,2.497,0.9836,1.8226
11,123,2.923,0.9596,1.5003
8,369,1.442,0.9946,0.7079
10,32,4.993,0.877,1.9682
9,148,2.11,0.9934,1.5338
10,87,2.917,0.9778,1.6439
17,341,3.763,0.9971,2.2949
17,892,2.98,0.9933,1.3283
5,503,0.771,1,1.4834
10,88,2.904,0.9545,1.8104
5,185,0.947,1,1.2305
30,3514,4.504,0.9991,2.067
17,1032,2.891,0.9961,1.4487
20,536,4.097,0.9907,1.8915
30,356,7.81,0.986,2.9145
63,46357,7.181,0.9996,1.2598
62,31616,7.418,0.9993,0.8292
31,1739,5.358,0.9977,2.2485
4,14,1.871,0.8673,0.8953
29,463,6.861,0.9914,2.5994
25,60,16.091,0.8028,2.9533
11,735,1.835,0.9973,1.3283
10,333,1.942,1,1.0124
57,1328,12.111,0.9962,3.3487
88,1842,19.25,0.9875,3.3682
35,116,17.024,0.8891,3.212
98,1019,26.726,0.9706,3.7726
4,120,0.797,0.9917,0.6463
12,59,4.552,0.9841,2.2787
57,149,33.74,0.7725,3.5705
52,5206,8.03,0.9975,2.3676
32,96,16.808,0.7932,2.4199
35,135,15.331,0.8151,2.2796
31,106,14.741,0.8498,2.6107
14,107,4.304,0.9723,2.0833
22,105,8.482,0.9624,2.6958
13,95,4.073,0.9583,2.0175
18,1003,3.116,0.997,1.5865
68,749,18.167,0.972,3.153
49,482,13.638,0.971,3.2791
55,739,13.738,0.9838,3.3362
57,770,14.212,0.9896,3.4949
74,269,33.716,0.8777,3.6619
229,618,131.65,0.7623,4.6393
13,221,3.018,0.9955,1.7205
118,590,44.354,0.9239,4.0498
24,214,6.933,0.9767,2.7992
43,980,9.191,0.9898,2.6281
257,8805,49.562,0.9928,4
4,252,0.675,1,0.6923
35,1442,6.468,0.9979,2.2907
15,94,5.035,0.9789,2.4446
208,3508,48.408,0.9852,4.3832
9,107,2.342,1,1.3454
79,349,31.83,0.9258,3.9443
34,78,22.956,0.8235,3.3007
9,62,2.894,1,1.8457
8,73,2.291,0.98740000000000006,1.6273
6,104,1.385,0.9904,1.2917
30,60,23.877,0.635,2.9118
25,73,13.426,0.8371,2.7754
31,4378,4.506,0.9991,2.0011
35,462,8.793,0.9849,2.8704
66,502,20.332,0.9682,3.6323
68,486,21.513,0.959,3.2118
90,441,34.201,0.9139,3.7007
81,454,28.697,0.9539,3.8342
64,400,21.51,0.9451,3.462
49,494,13.514,0.9758,3.2732
66,552,19.555,0.9656,3.2224
46,238,16.979,0.8953,2.62
52,447,15.239,0.971,3.2841
46,315,14.829,0.9366,3.0657
63,302,24.231,0.9406,3.7182
66,501,20.349,0.9721,3.6417
33,386,8.634,0.9741,2.536
61,382,20.483,0.9451,3.4555
47,496,12.749,0.9819,2.9183
56,395,17.819,0.9445,2.7177
58,243,24.12,0.9015,3.559
59,389,19.347,0.9539,3.1018
59,439,18.345,0.9477,2.8313
28,473,6.513,0.9852,2.5174
8,772,1.244,1,1.6782
70,5359,11.368,0.9978,2.2322
46,9001,6.337,0.9992,1.8295
30,20597,3.45,0.9998,1.0428
12,927,1.945,1,1.9571
51,262,18.895,0.9661,3.4585
54,392,16.969,0.9899,3.6919
60,478,18.131,0.9812,3.679
26,336,6.578,0.9674,1.305
9,336,1.701,0.994,1.1159
113,17865,16.116,0.9987,2.7873
77,2952,14.464,0.9936,1.8655
20,388,4.469,0.9923,1.5353
29,1953,4.829,0.9985,2.2595
22,1347,3.735,0.9985,2.1679
8,100,2.046,0.9802,1.2692
9,118,2.266,0.9746,1.5731
17,402,3.598,0.9876,1.8518
18,171,5.075,0.9886,2.3798
29,4118,4.211,0.999,1.9476
18,634,3.449,0.9921,1.8339
28,704,5.831,0.9929,2.3701
22,697,4.323,0.9914,0.9447
46,4651,7.09,0.9981,2.2774
62,2992,11.064,0.9973,2.7749
43,2231,7.555,0.9951,2.2941
182,2141,47.522,0.9869,4.4202
133,294,93.6,0.7763,4.6196
28,112,11.983,0.894,2.6481
79,972,20.315,0.9774,3.451
23,373,5.416,0.9812,1.9203
38,549,9.274,0.98,2.5141
27,467,6.237,0.9765,1.4416
23,166,7.246,0.9159,1.7119
16,109,5.17,0.9176,1.8814
23,81,10.711,0.9022,2.6989
22,1625,3.598,0.9982,2.5014
17,73,6.965,0.9189,2.3331
24,108,9.567,0.964,2.8956
3,21,0.958,0.9524,0.8468
6,613,0.923,1,1.076
14,183,3.528,0.9727,1.6912
18,154,5.285,0.9744,2.1859
8,133,1.87,1,1.6814
9,103,2.372,0.9615,0.8366
8,100,2.046,0.9704,1.0602
9,571,1.517,0.9965,1.5675
6,322,1.047,0.9907,0.7018
6,457,0.975,0.9978,0.3841
22,1378,3.717,0.9978,1.965
40,1398,7.678,0.9914,2.635
10,244,2.099,0.996,1.5019
22,4879,2.971,0.9992,1.7894
19,1278,3.165,0.9977,1.8187
7,103,1.698,0.9905,1.3119
16,1214,2.603,0.9992,1.5861
28,1398,4.96,1,2.8776
24,1112,4.321,1,2.7947
14,1269,2.202,1,2.3286
21,173,6.26,0.9713,2.4896
18,528,3.605,0.9905,1.818
7,108,1.674,0.9909,1.3606
11,221,2.434,0.991,1.1105
11,112,3.023,1,1.9845
10,196,2.228,0.9949,1.3223
18,436,3.785,0.9931,2.3178
18,415,3.835,0.9976,2.3006
61,1202,13.57,0.9934,3.3011
16,1829,2.412,0.9967,1.2362
14,789,2.418,0.9987,1.7257
22,485,4.745,1,2.1623
5,55,1.336,0.9636,1.0976
18,90,6.766,0.9114,2.3104
8,30,3.57,0.9707,1.7579
14,251,3.2,0.9801,1.4089
9,19,6.688,0.8057,2.0102
6,31,2.216,0.9355,1.3209
10,22,7.076,0.8303,2.1344
23,1831,3.707,0.9978,1.4957
20,1002,3.54,0.996,1.923
20,2614,2.946,0.9977,1.4576
11,934,1.751,0.9989,1.1786
27,2731,4.161,0.9989,2.4097
13,2017,1.86,0.9995,1.5744
9,75,2.67,0.987,1.914
7,79,1.854,0.9877,1.6333
6,46,1.842,0.9783,1.5989
6,156,1.239,0.9936,0.9792
7,920,1.03,0.9989,0.2989
13,162,3.329,0.9939,2.1159
26,3041,3.904,0.9993,1.6148
22,504,4.696,1,2.3323
22,463,4.805,1,2.7342
10,258,2.069,0.9923,1.2873000000000001
8,186,1.701,0.9947,1.5064
9,63,2.873,0.9846,1.8846
10,47,3.889,0.9796,2.1349
6,43,1.896,1,1.6678
7,31,2.816,1,1.9251
6,35,2.084,1,1.6979
9,117,2.272,1,2.0151
7,47,2.277,1,1.5546
8,75,2.267,1,1.7748
8,65,2.398,1,1.8269
8,162,1.766,1,1.7735
9,170,2.026,0.9941,1.6793
8,145,1.823,1,1.7244
8,2394,1.032,1,0.9168
5,480,0.778,1,1.2768
19,457,4.003,0.9803,1.758
20,516,4.137,0.9981,1.526
26,580,5.589,0.9948,2.3269
30,7557,3.973,0.9999,2.6247
29,10651,3.632,0.9999,2.6555
23,1484,3.863,1,2.684
21,589,4.253,0.9966,2.5079
23,252,6.156,0.9842,2.6421
14,461,2.726,1,2.1451
14,802,2.409,0.9988,1.8948
4,74,0.906,0.9868,0.8528
9,356,1.679,0.9972,1.6278
15,182,3.876,0.9616,1.751
20,360,4.566,0.9944,2.664
21,486,4.47,0.9959,2.7234
20,3391,2.82,0.9988,0.7178
21,65323,2.023,0.9999,0.4178
11,1251,1.66,0.9976,0.794
43,1731,7.988,0.9925,2.6645
22,24736,2.378,0.9999,1.2915
17,835,3.022,0.9964,1.8074
33,5898,4.613,0.9993,2.453
11,251,2.35,1,1.664
4,361,0.63,0.9972,0.6738
27,16306,3.158,0.9998,1.5477
25,28387,2.7,1,1.5404
13,2746,1.769,1,1.5929
40,6689,5.652,0.9987,1.2199
18,5809,2.297,0.9998,2.003
14,11143,1.58,1,1.7965
6,1035,0.844,1,1.1358
10,218,2.163,0.9909,1.543
14,114,4.193,0.9652,1.9979
6,6967,0.646,1,0.7481
23,30467,2.438,0.9999,1.5529
23,68677,2.225,1,1.4886
44,159,20.128,0.9189,3.4985
19,99,6.987,0.9196,2.2981
11,134,2.838,0.9925,2.0554
41,703,9.495,0.9787,2.2046
66,584,19.124,0.9813,3.1974
20,6115,2.573,0.9995,1.6772
18,774,3.295,0.9961,1.3422
26,433,6.074,0.9931,2.2921
22,54,13.84,0.7606,2.7205
3,6,2.388,0.6667,0.8676
3,14,1.171,0.9286,0.7589
11,34,5.642,0.8547,2.097
17,36397,1.705,1,1.1487
8,9114,0.864,1,1.7206
5,261,0.877,1,0.9658
6,278,1.08,1,1.6095
10,696,1.654,1,1.9758
4,284,0.659,1,1.1516
5,55,1.336,1,1.557
6,97,1.414,1,1.6852
4,71,0.917,1,1.3208
31,9682,3.975,0.9997,1.5047
8,2640,1.018,0.9996,0.9313
9,95,2.441,0.9895,1.9735
13,3151,1.732,0.9994,0.7667
17,189447,1.442,1,0.2043
26,3987,3.727,0.999,1.4164
3,40,0.751,1,1.0504
4,118,0.8,1,1.103
12,249,2.631,0.984,1.5894
17,144,5.011,0.9586,1.8849
33,8474,4.357,0.9992,1.5195
23,11922,2.746,0.9999,0.8855
19,1139,3.239,0.9974,2.0264
16,145,4.593,0.9863,2.2212
16,150,4.534,0.9868,2.0188
20,369,4.534,0.9946,2.3468
34,29304,3.798,0.9998,0.8883
29,53538,2.958,1,1.9965
38,14595,4.729,0.9997,2.3074
37,14588,4.588,0.9997,2.0994
3,171,0.517,1,0.9182
9,1832,1.232,1,1.4816
4,91,0.855,1,1.3243
18,402,3.868,1,2.5583
26,2769,3.97,0.9993,2.3064
27,12205,3.284,0.9998,1.2768
24,9903,2.957,0.9999,2.0328
46,117613,4.525,1,2.119
140,3833,28.525,0.9914,3.6787
67,1970,13.409,0.9929,2.9095
40,33161,4.491,0.9998,2.5586
20,2052,3.075,0.9985,1.3909
9,431,1.609,0.9954,1.3051
66,1553,13.987,0.9858,2.2626
9,2979,1.144,0.9987,0.1171
54,25432,6.532,0.9998,0.8783
27,1848,4.482,0.9978,2.2124
20,829,3.691,0.9952,1.9293
97,371,42.722,0.8763,3.8432
21,190,6.033,0.9633,2.2584
29,243,8.586,0.959,2.3781
26,345,6.521,0.9768,2.4463
24,270,6.364,0.9779,2.1083
23,264,6.057,0.9888,2.2885
19,120,6.355,0.9339,1.9671
21,265,5.355,0.9774,2.4854
27,170,9.043,0.9592,2.6882
71,165,47.272,0.7956,3.9144
98,343,45.835,0.8722,3.956
39,122,19.817,0.8291,2.7823
90,474,32.913,0.9453,3.5767
39,337,11.406,0.9556,2.5834
31,298,8.702,0.9699,2.7154
18,273,4.326,0.9854,2.2906
70,709,19.273,1,4.1993
8,94,2.09,0.9896,1.4151
9,39,3.668,0.95,2.01
15,35,9.944,0.8065,2.3923
18,40,12.592,0.7562,2.5622
15,231,3.588,0.9871,1.9828
19,517,3.877,0.9923,1.7083
21,171,6.289,0.936,1.4884
13,144,3.466,0.9793,1.6049
21,381,4.783,0.9843,1.4562
21,109,7.738,0.9271,2.4016
20,273,4.97,0.9781,2.0098
28,191,9.042,0.9689,2.5492
16,58,7.304,0.9161,2.3661
15,107,4.75,0.9448,1.6802
27,385,6.616,0.961,1.5988
16,276,3.699,0.9819,1.6299
22,238,5.915,0.9707,2.3083
36,773,7.82,0.9897,2.5599
86,212,53.87,0.8505,4.1495
116,404,54.442,0.9534,4.5318
94,280,49.66,0.9222,4.3013
45,145,22.353,0.8904,3.486
20,97,7.643,0.9177,2.5682
27,158,9.364,0.9435,2.6676
23,85,10.363,0.8832,2.7418
21,188,6.057,0.9681,2.5033
65,346,23.64,0.9278,3.6599
54,204,23.977,0.873,3.4418
49,376,15.039,0.9708,3.4346
44,236,15.94,0.9241,3.0806
6,58,1.681,0.9661,1.2751
43,1153,8.808,0.9948,2.6316
43,1985,7.748,0.997,2.6407
46,1725,8.685,0.9948,2.2434
77,591,23.631,0.9696,3.7762
61,444,19.147,0.9686,3.5771
45,366,13.484,0.9646,3.1076
19,100,6.951,0.9302,2.467
38,156,16.001,0.93,3.3153
40,440,10.691,0.9773,2.7097
41,204,15.452,0.9464,3.3553
59,1626,12.001,0.9945,3.0279
64,758,16.672,0.9921,3.7588
59,517,17.161,0.9904,3.7208
48,397,14.286,0.9799,3.5157
30,67,20.868,0.8086,3.2023
22,59,12.72,0.8503,2.7825
10,125,2.558,0.9681,1.4566
17,423,3.55,0.9976,2.3098
19,1133,3.243,0.9974,1.9669
18,1029,3.099,0.9981,1.5873
21,205,5.861,0.9709,2.4562
31,1057,5.985,0.9962,2.0827
16,238,3.869,0.9748,1.8822
25,162,8.263,0.9635,2.5805
85,492,29.638,0.929,3.5561
21,119,7.399,0.9078,2.2311
19,95,7.142,0.9165,2.4362
21,87,8.793,0.8859,2.4677
24,100,10.014,0.8706,2.5313
65,1273,14.485,0.98740000000000006,3.1545
51,466,14.595,0.9593,2.8336
19,280,4.608,1,1.9817
40,461,10.519,0.961,1.9778
14,295,3.057,0.9966,2.3761
12,7570,1.396,1,1.5717
12,494,2.218,0.9939,1.8387
13,1598,1.935,1,1.9284
6,2135,0.755,1,1.4237
23,309,5.745,0.9968,2.7791
19,756,3.539,0.9974,2.3708
25,4759,3.459,0.9996,2.319
9,3933,1.1,1,1.6721
10,316,1.966,0.9937,1.6229
20,2380,2.994,0.9992,1.9833
45,3485,7.291,0.9971,2.2215
72,71873,7.898,1,2.1425
72,60401,8.071,0.9999,2.6349
13,1124,2.063,0.9973,1.397
6,1053,0.841,1,0.7491
6,655,0.912,0.9985,0.755
15,4788,1.917,0.9992,1.372
14,6464,1.698,0.9994,1.1283
42,990,8.896,0.9909,2.2713
8,523,1.34,0.9962,1.012
7,14164,0.707,1,1.2488
7,77292,0.594,1,0.9278
23,556,4.839,0.9892,1.9941
14,10089,1.6,0.9999,1.1496
8,2274,1.04,1,1.6438
13,2158,1.839,0.9991,1.4053
19,2371,2.821,0.9992,2.1104
37,16403,4.513,0.9998,1.3111
48,7410,6.873,0.9993,1.5562
6,221,1.138,0.9955,0.88
6,97,1.414,0.9897,1.4932
7,278,1.304,0.9928,1.1141
4,56,0.986,0.9828,0.5387
5,19,2.212,0.9474,1.4301
3,590,0.413,1,0.7305
4,323,0.643,1,0.8712
6,165,1.221,0.994,0.8827
5,248,0.887,0.996,0.9107
4,19,1.546,0.9526,1.0938
4,420,0.612,0.9976,0.7349
4,47,1.045,0.9804,0.4511
4,16,1.712,0.875,1.0699
5,20,2.14,0.905,1.0944
6,17,3.305,0.8893,1.5992
18,10740,2.109,0.9998,1.5751
14,6353,1.702,0.9998,0.8799
14,3776,1.835,0.9997,1.6986
12,3775,1.537,1,1.7343
12,4440,1.501,1,1.1422
11,2361,1.493,1,1.4617
11,282,2.279,1,2.0354
164,17279,25.091,0.997,3.105
85,3100,16.153,0.9948,3.2015
11,8689,1.243,0.9999,1.0594
14,17461,1.495,0.9999,1.5765
13,28529,1.301,1,0.9367
21,686,4.096,0.9913,1.6066
16,1227,2.597,0.9967,1.4586
11,1014,1.725,0.997,1.6672
17,974,2.926,1,1.8094
31,1013,6.046,0.997,2.2795
8,157,1.782,0.9809,1.4994
11,155,2.706,0.9678,1.3555
10,152,2.402,0.9803,1.688
13,201,3.106,0.9901,2.0712
13,230,2.983,0.9913,2.0126
18,22733,1.919,1,1.9659
34,1322,6.366,0.9917,1.6444
36,5492,5.165,0.9998,2.039
30,3377,4.536,0.9991,2.4215
26,2271,4.117,1,2.1655
12,823,1.991,1,1.0246
7,754,1.067,0.9973,0.4034
20,2609,2.947,0.9989,1.3279
14,5039,1.759,0.999,1.1529
11,1237,1.663,0.9992,1.3933
12,4855,1.483,1,1.1425
10,213,2.177,0.9906,1.7866
12,242,2.652,0.9835,1.559
22,397,5.019,0.9824,1.8153
13,276,2.833,0.9819,1.1824
38,60597,3.942,1,1.6201
19,5139,2.489,0.9994,1.7695
21,3888,2.919,0.9987,1.7827
51,6680,7.509,0.9994,2.6447
3,4,5.453,0.625,1.0397
6,243,1.113,0.9877,0.6668
7,476,1.163,0.9958,1.0934
11,134,2.838,0.9926,1.966
5,11,3.538,0.7443,1.2945
18,251,4.442,0.9801,1.5842
4,24,1.371,0.875,0.5141
5,22,2.019,0.9132,1.184
14,133,3.948,0.9323,1.3517
7,53,2.161,0.9818,1.4984
18,398,3.879,0.98740000000000006,1.1926
11,177,2.596,0.9831,1.0796
6,360,1.023,1,1.0762
21,1419,3.495,0.9951,1.7565
16,18481,1.724,0.9999,0.9836
12,1677,1.747,0.9988,1.0699
6,784,0.884,1,0.3885
11,59,3.985,0.9683,1.8621
9,211,1.909,0.9953,1.2749
6,82,1.49,0.9878,1.3078
10,484,1.783,0.9938,1.1996
19,1730,2.986,0.9977,0.8589
13,41,6.564,0.8572,2.1062
15,63,6.229,0.938,2.3904
13,77,4.482,0.9617,2.1291
18,4635,2.376,0.9998,1.7086
25,5766,3.356,0.9998,2.3896
20,403,4.421,0.9926,2.1772
19,17297,2.108,0.9999,1.1424
25,2689,3.811,0.9981,2.3635
23,123,8.345,0.976,2.8739
9,200,1.937,0.995,1.5025
15,365,3.151,0.9918,1.5861
10,1533,1.434,0.9993,1.274
23,1066,4.141,0.9981,2.365
11,113,3.013,0.9915,1.9113
4,18,1.594,0.8889,0.8548
26,824,5.109,0.9891,1.8699
16,112,5.108,0.9915,2.242
14,230,3.284,0.987,1.9548
10,117,2.616,1,2.0496
15,5129,1.898,0.999,0.4114
11,1299,1.649,0.9962,0.4908
14,308,3.021,0.9935,1.5696
16,399,3.339,0.9925,1.4935
29,713,6.075,0.9902,1.7011
16,1035,2.686,0.9971,1.5623
25,295,6.521,0.9729,2.6254
11,51,4.31,0.9623,2.1515
6,51,1.766,1,0.9128
8,161,1.769,0.9876,1.26
6,111,1.359,0.991,1.2598
16,261,3.761,0.9847,1.8912
15,94,5.035,0.9473,2.1797
4,50,1.023,0.9808,0.8803
4,168,0.736,0.9941,0.7301
5,58,1.312,1,1.4275
13,92,4.131,0.9787,2.2201
8,236,1.6,1,1.2685
15,439,3.005,0.9955,1.9838
11,131,2.86,0.9774,1.0945
13,50,5.705,0.9016,2.237
7,133,1.573,0.985,1.483
23,381,5.382,0.9869,2.2206
17,2176,2.513,0.9986,1.5585
10,180,2.283,0.9946,1.6371
4,83,0.877,1,1.1445
10,90,2.879,1,1.5357
12,115,3.373,0.9744,1.5651
10,2106,1.362,1,1.1734
5,23,1.968,0.8696,0.8981
6,18,3.152,0.7778,1.2419
5,24,1.922,0.9617,1.3507
16,748,2.875,0.9987,1.6981
17,686,3.156,0.9971,1.7077
9,271,1.791,1,1.432
13,621,2.325,0.9952,1.037
9,86,2.532,1,2.1068
9,2253,1.193,0.9996,1.2813
4,35,1.164,0.9714,1.0108
6,832,0.875,0.9976,0.3426
6,2724,0.729,0.9989,0.2114
17,71,7.083,0.8885,2.2586
7,21,3.677,0.8618,1.6826
9,59,2.959,0.9831,2.0385
13,88,4.213,0.9778,2.164
4,204,0.705,1,0.8225
26,3464,3.817,0.9994,1.5236
30,5472,4.179,0.9993,1.6884
27,10766,3.343,0.9998,1.322
9,129,2.202,0.9924,1.6998
16,77,6.141,0.9759,2.3314
18,399,3.876,0.9925,1.3528
24,151,8.041,0.9275,2.3223
14,394,2.833,0.9975,2.1115
10,296,1.998,1,1.9443
18,197,4.82,0.9849,2.3694
17,674,3.169,0.9985,1.9066
10,209,2.188,0.9952,1.3339
4,69,0.925,1,0.8765
7,190,1.429,0.9947,1.2738
16,169,4.339,0.9706,1.8734
12,70,4.168,0.9726,2.0121000000000002
17,430,3.535,0.9953,2.286
13,242,2.939,0.9835,1.8226
15,1395,2.348,0.9986,1.4924
5,60,1.297,0.9667,1.1619
7,32,2.765,0.9062,1.2844
7,29,2.931,0.8645,1.3451
8,99,2.053,1,1.6953
9,101,2.389,0.9806,1.2954
11,679,1.864,0.9985,1.7966
34,1166,6.555,0.994,1.9406
6,58,1.681,1,1.3264
9,56,3.031,0.9655,1.6606
7,29,2.931,0.9698,1.7113
5,25,1.879,0.9631,1.3564
7,71,1.926,0.9867,1.3222
4,26,1.32,1,1.0318
7,81,1.838,0.9877,1.0425
3,7,1.989,0.8929,0.9557
5,160,0.98,1,0.876
8,19,5.205,0.9139,1.9133
10,112,2.656,0.9825,1.6673
23,777,4.45,0.9949,2.3422
11,55,4.135,0.9468,2.0175
28,1657,4.786,0.9982,1.664
33,5047,4.733,0.9986,1.4121
3,79,0.617,1,0.7124
4,53,1.004,0.9623,0.8388
7,362,1.231,0.9945,1.3874
5,252,0.884,0.996,0.7582
6,34,2.114,0.9706,1.5844
5,21,2.076,0.8571,1.0735
9,56,3.031,0.9471,1.7076
7,48,2.255,1,1.7306
11,936,1.751,0.9989,1.5992
5,15,2.626,0.8,1.17
7,46,2.299,0.9584,1.3435
3,30,0.83,0.9667,0.8156
5,14,2.782,0.7857,1.2964
5,19,2.212,0.9003,1.1914
5,96,1.121,0.969,0.274
6,51,1.766,0.9412,0.7731
5,45,1.439,0.9778,1.296
13,327,2.707,0.9939,1.6205
7,71,1.926,0.9726,1.1779
7,91,1.767,0.989,1.2655
7,24,3.322,0.9233,1.641
12,135,3.182,0.9928,2.0251
7,32,2.765,0.9723,1.6671
3,7,1.989,0.8929,0.9557
8,75,2.267,0.9867,1.8577
6,329,1.042,0.9939,0.5327
8,17,5.898,0.8431,1.9213
8,38,3.093,0.8947,1.2597
10,68,3.234,0.9416,1.5358
19,150,5.763,0.9604,1.991
7,160,1.495,0.9938,1.0191
9,161,2.058,0.9938,1.7881
19,518,3.875,0.9942,1.8491
12,121,3.309,1,2.2327
6,54,1.727,0.9259,0.9899
9,423,1.615,1,0.8375
13,93,4.111,0.9462,2.0644
6,50,1.78,0.9815,1.0295
10,61,3.4,0.9683,1.7494
24,220,6.86,0.9864,2.7054
44,477,11.821,0.9623,2.8697
5,7,7.824,0.6494,1.5498
6,38,2.004,0.9488,1.0734
6,20,2.906,1,1.6647
27,626,5.744,0.9968,2.7799
33,885,6.759,0.9989,2.9191
23,365,5.452,0.9781,2.0774
7,13,6.182,0.6154,1.6924
8,30,3.57,0.9044,1.6334
4,23,1.399,0.9601,0.9054
26,631,5.465,0.9858,1.3669
39,777,8.649,0.9794,1.7489
22,101,8.669,0.8814,2.1166
10,27,5.746,0.8573,2.0632
43,2412,7.432,0.9971,2.6744
14,1347,2.178,1,1.8186
14,746,2.446,0.9987,1.7599
8,609,1.301,1,1.7672
31,856,6.303,0.9918,2.2176
11,244,2.368,0.9918,1.6339
8,53,2.618,0.9637,1.5162
4,358,0.631,0.9972,0.8326
9,21,5.966,0.7666,1.9385
15,1233,2.403,0.9984,2.1105
11,1029,1.72,0.999,1.5087
12,1327,1.82,0.9985,1.3851
11,410,2.08,0.9951,1.5911
6,114,1.349,0.9912,1.3606
6,26,2.445,0.8846,1.374
16,257,3.779,0.9806,1.921
8,99,2.053,0.9697,1.3948
3,12,1.284,0.9295,0.7215
22,1490,3.66,0.9973,1.3563
9,157,2.074,1,1.6941
8,193,1.684,0.9949,1.3637
9,41,3.562,0.9036,1.6271
10,190,2.248,0.9895,1.2347
4,100,0.834,0.99,0.8632
3,19,1.002,0.8947,0.4095
10,215,2.171,0.9861,1.0266
5,8,5.705,0.6576,1.4942
6,31,2.216,0.9376,1.2187
13,266,2.862,0.9888,1.5927
5,15,2.626,0.8756,1.3379
13,96,4.055,0.9377,1.8194
11,113,3.013,1,1.5582
9,494,1.563,0.996,1.1058
9,275,1.784,1,1.3595
12,96,3.62,0.969,2.0829
15,273,3.414,0.989,2.1393
14,54,6.132,0.8889,2.2576
17,190,4.518,0.9897,2.1529
18,170,5.087,0.9707,2.094
16,122,4.924,0.9841,2.171
13,60,5.107,0.8833,1.9443
11,174,2.61,0.9886,1.1333
12,217,2.736,0.991,1.0775
10,269,2.047,0.9963,1.3355
8,67,2.369,0.9706,1.5215
6,105,1.381,0.9907,0.8073
10,160,2.364,0.9814,0.762
9,215,1.9,0.986,1.0534
33,6887,4.5,0.9997,2.2897
20,112,7.089,0.9201,2.2512
8,19,5.205,0.8006,1.7495
19,167,5.52,0.9703,2.2397
4,878,0.541,1,0.6195
15,309,3.296,0.9871,1.6433
18,131,5.65,0.9469,2.1771
9,47,3.306,0.9584,1.9536
6,152,1.247,1,1.4207
5,45,1.439,0.9778,1.3794
7,48,2.255,0.9592,1.5439
11,2060,1.526,0.9995,1.1406
9,894,1.392,0.9989,1.1164
10,1115,1.514,0.9964,0.9768
14,259,3.171,0.9846,1.8757
8,161,1.769,0.9938,1.6571
7,207,1.399,1,1.5514
22,1567,3.623,0.9968,1.3414
21,2726,3.097,0.9989,1.2823
67,430,22.243,0.963,3.4849
72,808,19.11,0.9889,3.7945
26,504,5.811,0.9921,2.6188
30,277,8.551,0.9459,2.0343
13,260,2.88,0.9808,1.5296
23,282,5.922,0.9894,2.6284
27,157,9.393,0.9428,2.5032
39,507,9.847,0.9764,2.683
36,221,12.202,0.9369,2.95
274,1004,124.165,0.8906,4.988
24,393,5.635,0.9848,1.9161
14,909,2.349,0.9967,1.6878
20,1179,3.422,0.9958,1.784
12,522,2.191,1,1.8471
30,1045,5.763,0.9923,2.1578
38,1606,6.982,0.9925,2.1636
18,81,7.175,0.9142,2.3671
45,1236,9.161,0.9911,2.7704
110,397,50.364,0.8667,4.0952
51,450,14.794,0.9734,2.5177
28,232,8.327,0.9657,2.4971
82,2487,16.286,0.9932,3.1622
14,227,3.297,0.9958,1.1551
4,143,0.764,1,0.7132
3,147,0.534,1,0.5962
3,254,0.478,1,1.0592
99,993,27.356,0.9718,3.3532
61,336,21.801,0.9407,3.4454
86,613,27.24,0.9544,3.5814
72,563,21.926,0.9503,3.3306
14,60,5.743,0.8839,1.9146
19,61,9.464,0.8541,2.4817
61,547,17.584,0.9617,3.1539
31,441,7.602,0.9932,2.7354
94,3013,18.419,0.993,3.276
45,359,13.591,0.9806,3.3177
40,763,8.981,0.983,2.7588
123,3989,24.034,0.9942,3.0835
64,1449,13.703,0.9924,3.2322
31,2815,4.874,0.9975,1.8231
30,1286,5.495,0.9961,2.3321
207,12976,34.972,0.9975,3.879
84,684,25.158,0.9518,3.3486
99,1051,26.798,0.9743,3.7391
138,7853,23.782,0.9977,3.7423
10,216,2.169,1,1.7331
18,891,3.195,0.9978,2.0117
15,289,3.358,0.9862,1.7187
35,24931,4.006,0.9999,2.3236
302,232898,34.218,0.9999,3.9818
102,990,28.53,0.9627,3.5317
16,152,4.511,0.9871,1.5681
133,1145,38.955,0.9651,4.2234
70,352,26.232,0.9916,4.0752
63,483,19.343,0.9794,3.6789
170,6620,31.82,0.9964,3.4012
113,414,51.212,0.8939,4.2942
47,545,12.333,0.9835,3.1362
110,544,41.593,0.9192,4.0524
52,281,18.766,0.9576,3.4093
20,399,4.434,0.9749,2.087
21,188,6.057,0.9681,2.577
22,238,5.915,0.9791,2.2744
67,199,35.48,0.9053,4.0079
74,1266,17.149,0.9858,3.3897
105,1610,25.153,0.9814,3.6309
6,498,0.959,1,1.0503
5,612,0.745,1,0.4241
9,131,2.191,0.9925,1.5025
4,105,0.824,1,1.0541
10,152,2.402,0.9803,1.1447
3,125,0.553,1,1.0887
6,230,1.127,1,0.9154
5,157,0.985,0.9937,1.085
29,208,9.161,0.9521,2.7711
24,168,7.662,0.9467,2.3704
46,866,10.367,0.985,2.7258
5,22,2.019,0.8636,0.9248
4,24,1.371,0.9583,1.0234
6,22,2.718,0.9132,1.5312
6,21,2.806,1,1.6577
5,29,1.742,1,1.4849
6,34,2.114,0.9723,1.5744
7,33,2.717,1,1.8171
5,23,1.968,1,1.5482
5,39,1.524,1,1.4651
5,30,1.713,0.9667,1.3259
42,1083,8.69,0.9926,3.023
31,2063,5.175,0.9995,2.7446
78,1302,18.209,0.987,3.2302
23,727,4.522,0.9973,2.3456
9,1956,1.219,1,0.5416
3,26,0.876,1,0.8208
4,63,0.95,0.9841,0.6863
17,368,3.685,0.9919,2.014
3,55,0.681,0.9818,0.6528
12,132,3.207,0.9926,2.0595
9,120,2.254,0.9668,1.1192
19,63,9.239,0.9073,2.5775
16,53,7.786,0.8686,2.4733
12,23,10.123,0.6522,2.2579
10,37,4.502,0.9488,2.0913
14,31,9.833,0.7784,2.4502
7,91,1.767,1,1.717
7,48,2.255,0.9392,0.997
9,62,2.894,0.9849,1.2847
7,99,1.72,0.9697,0.8904
8,87,2.147,0.954,0.9475
8,263,1.558,0.9962,1.0854
14,729,2.458,0.9959,1.986
3,172,0.516,1,0.8531
4,21,1.465,0.9567,1.0899
6,166,1.219,1,1.1913
3,17,1.057,1,0.9718
4,52,1.01,1,0.9245
5,79,1.187,0.9873,1.1977
5,141,1.011,0.9929,0.7199
5,1195,0.667,1,1.2059
6,55,1.715,0.9643,1.1055
6,72,1.556,0.9726,1.0671
5,61,1.289,0.9678,0.7686
8,160,1.772,1,1.4436
9,174,2.013,1,1.7259
7,81,1.838,0.9753,1.3476
10,83,2.972,0.9765,1.8972
15,50,7.265,0.8424,2.1227
16,176,4.277,0.983,2.4372
3,15,1.128,1,0.9276
4,9,2.759,0.8025,1.1491
4,15,1.785,0.9417,1.1369
3,11,1.359,0.9091,0.9165
4,10,2.471,0.82,1.0889
3,16,1.09,0.9449,0.6019
4,12,2.101,0.8333,1.1269
4,589,0.577,0.9983,0.8281
3,12,1.284,0.9295,0.7215
5,140,1.013,0.9858,0.7134
6,75,1.535,0.987,1.2363
3,63,0.656,0.9841,0.5869
12,107,3.467,0.9534,1.8054
16,191,4.157,0.9845,2.0391
27,1448,4.711,0.9972,2.1286
11,209,2.473,0.9906,1.5055
24,206,7.038,0.9806,2.6413
10,31,5.117,0.9073,2.0843
12,65,4.325,0.9389,1.9583
7,128,1.591,1,1.5952
8,114,1.961,0.9912,1.6097
7,585,1.118,1,1.1384
9,405,1.631,0.9975,1.4968
17,103,5.798,0.9714,2.415
21,140,6.852,0.9215,2.2001
26,593,5.556,0.9967,2.0152
8,46,2.799,0.9149,1.3071
7,77,1.871,0.9481,0.8657
11,84,3.383,0.9413,1.2016
7,20,3.828,0.8598,1.5911
19,105,6.779,0.9527,2.6229
9,66,2.816,1,1.9247
54,3450,9.088,0.9983,2.707
9,23,5.443,0.8837,1.93
14,78,4.975,0.9497,1.9419
20,134,6.511,0.9858,2.4957
9,24,5.23,0.8369,1.9687
22,128,7.652,0.954,2.2441
26,183,8.281,0.9565,2.4626
36,1285,6.876,0.9946,2.1011
44,290,14.43,0.9415,2.9467
29,287,8.053,0.9792,2.8486
19,216,5.02,0.9815,2.2793
45,397,13.054,0.9674,3.1193
22,212,6.17,0.9765,2.5906
27,123,10.687,0.9195,2.7177
26,241,7.4,0.9628,2.4747
15,165,4.009,0.9942,2.2733
39,416,10.539,0.976,2.8525
35,394,9.279,0.9772,2.6733
38,3553,5.942,0.9989,2.3778
49,4710,7.623,0.9983,2.166
48,3537,7.853,0.9975,2.229
44,5368,6.559,0.9983,1.5696
50,5391,7.618,0.9981,2.0173
13,55,5.374,0.9104,1.9465
31,189,10.542,0.9474,2.6645
20,141,6.365,0.972,2.2144
16,118,4.994,0.9411,1.8428
41,221,14.815,0.9325,2.7827
28,150,10.15,0.927,2.3765
28,169,9.567,0.9351,2.5944
33,203,11.174,0.9312,2.487
29,142,11.025,0.9444,2.6679
27,305,7.15,0.9771,2.3292
34,428,8.677,0.9767,2.6231
21,335,4.97,0.9821,2.06
27,271,7.459,0.9853,2.9326
83,2026,17.419,0.9926,3.5237
37,177,14.247,0.9384,2.9855
19,103,6.846,0.9617,2.6743
29,119,12.215,0.9336,3.0307
18,164,5.157,0.9818,2.5265
31,1167,5.848,0.9914,2.0987
28,969,5.387,0.9959,1.7987
23,72,11.681,0.9043,2.8918
56,331,19.328,0.9579,3.3841
46,232,17.211,0.9314,3.1474
99,636,32.851,0.9372,3.7474
40,204,14.877,0.9219,2.9777
25,68,14.271,0.7959,2.7618
9,50,3.203,0.9,1.5796
66,964,16.051,0.9886,2.8842
3,55,0.681,1,0.7949
5,78,1.191,0.9615,0.7495
5,64,1.269,1,1.2121
83,12286,11.968,0.9984,1.4707
28,133,10.824,0.9327,3.002
25,98,10.837,0.9298,2.8672
22,51,14.687,0.7678,2.7725
25,502,5.532,0.9921,2.5191
23,121,8.416,0.9175,2.6432
37,1293,7.102,0.9938,2.2634
29,1490,5.106,0.9966,1.7936
18,13532,2.046,1,1.7305
15,593,2.798,0.9899,0.502
16,120803,1.409,1,1.3828
30,17805,3.517,0.9996,1.2872
21,2152,3.229,0.9981,1.8593
11,1401,1.627,0.9993,0.5264
14,174,3.588,0.9829,1.751
3,82,0.611,0.9878,0.3843
6,45,1.859,0.9556,1.1083
5,62,1.282,0.9844,1.0039
6,40,1.958,1,1.6178
5,48,1.404,0.9808,0.7213
7,39,2.487,1,1.7509
10,38,4.423,0.9513,2.0745
10,79,3.032,1,1.6038
10,35,4.677,0.889,1.9157
6,46,1.842,0.9792,1.2625
12,36,6.303,0.892,2.2147
7,30,2.871,0.9022,1.517
10,55,3.577,0.9461,1.969
7,35,2.631,1,1.7421
6,24,2.568,0.9233,1.2327
7,73,1.907,0.9589,1.3218
5,17,2.387,0.8893,1.2622
5,13,2.975,0.858,1.4127
6,126,1.311,1,1.3835
6,76,1.528,1,1.4163
5,40,1.508,1,1.2906
59,486,17.588,0.9548,2.8944
51,713,12.577,0.9776,2.7267
42,400,11.831,0.9776,2.8084
20,357,4.577,0.9804,2.1439
9,103,2.372,0.9711,1.4217
10,123,2.572,0.9839,1.6287
6,23,2.639,0.9632,1.5561
34,1706,6.017,0.9982,2.4648
71,266,31.699,0.899,3.7663
43,191,17.27,0.9011,2.9005
45,460,12.348,0.9805,3.0511
12,91,3.701,0.9341,1.7499
13,87,4.234,0.9431,2.0282
10,98,2.787,0.9286,1.4163
9,66,2.816,0.9706,1.5445
23,171,7.154,0.9825,2.9014
7,38,2.52,0.9501,1.2656
5,99,1.111,0.98,0.6771
5,37,1.558,0.9474,0.8343
10,144,2.443,0.9794,1.3775
29,53,26.239,0.722,3.2198
24,39,26.565,0.6233,3.0237
13,20,16.099,0.62,2.4412
122,606,46.021,0.916,4.0002
3,1594,0.357,1,0.6525
3,1939,0.348,1,0.8673
4,7705,0.406,1,0.8131
5,10863,0.501,1,1.1283
37,371,10.225,0.9624,2.4983
21,348,4.913,0.9885,2.2955
17,128,5.259,0.9769,2.371
34,402,8.862,0.9776,2.8025
25,685,5.093,0.9927,2.1362
205,4120,45.353,0.9867,4.0485
8,81188,0.685,1,1.1417
11,881,1.771,0.9955,1.5781
4,17623,0.371,0.9999,0.6665
3,4984,0.31,1,0.4859
26,182,8.301,0.9507,2.5535
132,10487,21.284,0.9985,3.3156
37,78,27.542,0.7728,3.287
47,102,33.79,0.7568,3.5517
53,240,21.05,0.9295,3.5073
46,165,21.15,0.9219,3.495
4,100,0.834,1,1.3835
3,99,0.584,1,0.9272
67,711,18.138,0.9789,3.2161
23,340,5.573,0.9853,2.3872
19,262,4.706,0.9771,2.334
44,139,22.189,0.8568,3.2654
80,464,27.867,0.9204,3.2686
16,516,3.131,0.9961,2.1828
42,848,9.28,0.9929,2.9419
52,367,16.542,0.9483,3.2302
16,74,6.279,0.9207,1.8723
43,91,31.858,0.738,3.4805
31,1636,5.427,0.9963,2.1049
15,45,7.879,0.7798,1.9707
13,110,3.834,0.9638,2.0786
8,598,1.305,1,1.5409
7,62,2.028,0.9844,1.3463
6,57,1.692,0.9649,1.3517
6,30,2.255,0.9724,1.2129
4,22,1.431,0.9545,1.0972
5,17,2.387,0.9412,1.4503
8,74,2.279,0.9595,1.6741
17,453,3.488,0.9956,1.8901
21,376,4.802,0.9974,2.6726
12,361,2.388,0.9973,1.7654
30,155,11.082,0.9553,2.9204
12,46,5.278,0.8705,1.9227
15,21,23.473,0.5421,2.6235
34,396,8.908,0.99,2.6744
11,180,2.583,0.989,1.779
5,28,1.772,0.9643,1.4303
5,118,1.059,1,1.4771
4,239,0.682,1,1.2756
70,3075,12.752,0.9971,3.3808
27,463,6.253,0.9849,1.8104
21,140,6.852,0.9358,2.3855
25,1812,4.103,0.9978,2.0521
12,1126,1.875,1,1.3695
71,2652,13.418,0.9943,3.1786
17,738,3.105,0.9973,1.9911
6,403,1,1,1.3262
9,872,1.398,0.9989,1.2995
8,246,1.583,0.9959,1.2349
8,52,2.64,0.9815,1.4588
12,343,2.419,0.9971,1.8905
12,67,4.26,0.9557,2.0797
23,417,5.24,0.9904,2.4795
24,1693,3.96,0.9994,2.1826
7,647,1.097,1,1.464
3,114,0.565,1,1.0172
5,121,1.052,1,1.0012
3,58,0.671,0.9828,0.5929
9,95,2.441,0.9789,1.6814
7,64,2.003,0.9536,1.1402
15,3047,2.054,0.9997,1.294
14,1933,2.043,0.9995,1.4956
17,239,4.185,0.9666,1.716
20,310,4.775,0.971,1.7931
25,421,5.821,0.9763,1.6574
47,1854,8.771,0.9973,2.4141
115,3049,23.623,0.9892,3.2827
17,1750,2.612,0.9977,1.5914
28,250,8.085,0.9641,2.5471
28,2849,4.311,0.9972,1.5812
11,137,2.817,0.9856,1.7668
12,606,2.121,0.9951,1.5474
80,1199,19.3,0.9917,3.702
97,4983,17.079,0.9984,3.7827
63,3456,10.94,0.9991,3.3633
67,3231,11.958,0.9997,3.7422
64,445,20.493,0.9934,3.8758
8,98,2.06,1,1.6044
3,25,0.89,0.96,0.6592
101,917,28.975,0.9717,4.0077
48,700,11.679,0.9843,2.6813
41,975,8.664,0.9877,2.3583
46,775,10.709,0.9858,2.7628
56,314,19.836,0.946,3.5591
61,2296,11.507,0.9922,1.8098
22,906,4.066,1,2.4684
15,913,2.549,0.9989,2.1141
10,294,2.001,0.9932,1.6327
26,5018,3.589,0.9986,1.6507
5,1063,0.68,1,1.4719
8,3123,0.993,1,1.4449
5,78,1.191,1,1.2751
3,89,0.599,1,1.0481
5,22,2.019,0.9091,1.2315
3,9,1.576,1,1.0609
15,176,3.92,1,2.543
8,71,2.315,1,1.9843
9,58,2.982,1,2.1179
16,129,4.811,1,2.6254
13,109,3.848,1,2.4369
24,234,6.702,0.9744,2.6997
42,297,13.349,0.9563,3.2341
5,45,1.439,0.9565,0.8719
11,76,3.532,0.9616,1.2387
14,51,6.369,0.9043,2.2559
3,10,1.453,0.8,0.639
5,18,2.293,1,1.3776
19,124,6.259,0.9519,2.4584
12,225,2.708,1,1.93
23,453,5.117,0.989,2.343
34,806,7.191,0.995,2.873
50,524,13.597,0.9772,3.1243
54,339,18.112,0.9796,3.5612
14,233,3.271,0.9872,1.4489
15,349,3.188,0.98,1.6192
18,1058,3.081,0.9991,1.576
15,79,5.486,0.937,2.2552
9,46,3.344,0.9357,1.7322
6,12,4.775,0.75,1.6609
18,255,4.42,0.9922,2.1052
14,1101,2.262,1,2.1703
8,142,1.834,1,1.8609
10,107,2.699,0.9817,1.7499
9,114,2.292,0.9915,1.8102
9,102,2.38,0.9708,1.4726
4,8,3.184,0.7812,1.213
6,51,1.766,0.9616,1.3007
17,215,4.332,0.9721,2.0417
57,2594,10.303,0.995,3.0393
25,273,6.699,1,2.8649
52,1750,10.071,0.9937,2.918
13,195,3.135,0.9949,2.0929
10,73,3.135,0.9315,1.3698
15,155,4.1,0.968,1.8302
23,308,5.751,0.9806,2.1272
13,42,6.445,0.8832,2.2077
3,18,1.028,1,0.9009
8,30,3.57,0.9044,1.7289
17,67,7.344,0.8512,2.2302
8,104,2.02,1,1.5495
11,65,3.797,0.971,1.9042
14,54,6.132,0.9088,2.3391
5,18,2.293,0.955,1.3297
25,115,9.84,0.9309,2.643
22,1837,3.514,0.9995,2.3597
14,151,3.768,0.9803,2.0059
47,373,14.225,0.9679,3.4078
29,140,11.111,0.9362,2.9452
15,44,8.025,0.844,2.2566
27,377,6.661,0.9895,2.1779
33,238,10.399,0.9582,2.8775
29,260,8.36,0.9809,2.8405
7,41,2.427,0.9756,1.6696
21,98,8.199,0.9394,2.6343
10,320,1.96,0.9969,1.6518
12,68,4.228,0.8828,1.4994
14,62,5.633,0.9526,2.3668
18,183,4.949,0.9838,2.2141
22,78,10.197,0.9122,2.7015
20,34,20.375,0.6264,2.7696
22,64,11.851,0.8613,2.8166
8,13,8.855,0.5385,1.8849
35,90,21.041,0.8812,3.2607
15,100,4.894,0.95,2.2105
13,47,5.945,0.8316,1.9417
6,10,6.333,0.8615,1.7481
12,35,6.45,0.889,2.2803
25,143,8.768,0.9443,2.6554
17,55,8.419,0.8929,2.5356
11,24,7.859,0.7604,2.0435
4,7,3.878,0.5714,1.1537
13,98,4.02,0.9396,1.5677
6,49,1.795,1,1.5936
11,175,2.605,0.9772,1.5204
19,895,3.408,0.9967,2.2524
22,125,7.742,0.9523,2.7431
13,1184,2.043,0.9975,1.0966
29,1198,5.356,0.9958,2.5991
10,378,1.885,1,1.8864
11,97,3.192,1,2.1213
15,1468,2.326,0.998,1.5897
15,534,2.867,0.9944,1.468
9,1367,1.292,0.9993,1.5563
37,3010,5.939,0.997,2.283
14,450,2.741,0.9934,1.5783
18,2136,2.696,0.9986,2.1198
15,207,3.714,0.9856,1.966
18,362,3.981,0.9945,2.5821
21,637,4.171,0.9969,2.2224
25,682,5.098,0.9971,2.6362
20,1354,3.327,0.9993,2.489
7,703,1.08,1,1.3293
26,1205,4.681,0.9983,2.6893
9,190,1.964,0.9947,1.84
9,120,2.254,0.975,1.8569
10,154,2.392,0.9935,2.0207
17,2008,2.548,0.998,1.433
11,237,2.387,0.9916,1.7776
9,817,1.415,0.9988,1.1595
14,2295,1.985,0.9983,1.0265
14,474,2.707,0.9979,1.8641
24,1049,4.377,0.9952,1.78
43,2675,7.276,0.9959,2.2183
8,222,1.624,0.9955,1.5613
14,4271,1.801,1,1.0933
4,76,0.899,0.9868,0.9873
5,77,1.196,1,1.2761
6,86,1.468,1,1.7014
8,73,2.291,0.9863,1.7192
10,123,2.572,0.9756,1.7733
11,319,2.209,0.9969,1.7833
12,206,2.778,0.9854,1.7934
10,172,2.314,0.9885,1.6482
22,182,6.547,0.9616,2.6301
18,871,3.21,0.9977,2.0753
16,980,2.716,0.999,1.934
4,74,0.906,0.9865,0.9867
6,52,1.753,0.9815,1.4564
5,22,2.019,0.9091,1.2754
5,19,2.212,0.8421,1.0832
5,245,0.889,1,1.4259
7,214,1.388,1,1.3529
29,1607,5.025,0.9963,2.4989
12,335,2.433,0.997,1.7593
5,194,0.937,1,1.1157
11,1431,1.621,0.9993,0.9121
23,242,6.246,0.9753,2.1918
10,107,2.699,0.9908,1.9484
9,164,2.047,1,1.6758
9,116,2.279,0.9829,1.3299
5,87,1.153,0.9885,0.9466
7,78,1.863,0.9872,1.6044
10,251,2.083,1,2.0273
12,308,2.486,1,2.0179
23,1671,3.773,0.9994,2.4327
10,107,2.699,0.9628,1.3617
8,142,1.834,0.9931,1.3506
8,1729,1.085,0.9994,0.8923
5,184,0.948,0.9946,1.0657
3,23,0.921,1,0.6699
7,319,1.265,0.9937,0.745
8,171,1.74,0.9708,0.5222
5,29,1.742,0.8966,0.9306
4,251,0.676,1,1.0595
5,412,0.801,1,1.2227
5,257,0.88,1,1.0914
48,3032,8.097,0.997,2.1995
6,386,1.008,0.9974,0.8986
11,567,1.935,1,1.8579
24,693,4.825,1,2.526
41,1805,7.465,0.9978,2.3646
57,2200,10.691,0.9986,3.2435
8,616,1.298,1,1.6827
18,38818,1.804,1,1.7001
9,135,2.171,0.9927,1.4536
8,95,2.082,1,1.57
9,127,2.213,1,1.865
3,586,0.413,1,0.1897
3,295,0.465,1,0.2791
5,197,0.933,1,0.8714
29,1565,5.053,0.9974,1.6077
21,28638,2.219,1,1.5802
17,15764,1.882,0.9998,1.3452
21,3298,2.998,0.9994,1.3996
112,344,57.733,0.8404,4.2815
137,449,67.192,0.8867,4.5605
104,293,57.566,0.8264,4.1594
114,384,54.797,0.9014,4.3497
123,382,62.853,0.8668,4.4609
120,383,60.041,0.8724,4.3931
54,779,13.184,0.9872,3.0649
253,1386,90.671,0.9373,4.8196
43,485,11.393,0.9732,2.4255
26,2206,4.14,0.9991,1.6911
8,1754,1.082,1,1.1783
9,980,1.369,0.9969,1.1076
7,281,1.301,0.9929,1.1719
5,2815,0.59,1,0.1954
5,419,0.798,1,0.4284
5,49,1.394,0.9592,0.9715
7,83,1.823,0.9521,0.9159
9,131,2.191,0.9695,0.8368
10,33,4.88,0.8842,1.9248
9,74,2.685,0.9733,1.5307
13,326,2.709,0.9969,2.076
30,11514,3.734,0.999,0.2236
67,1346,14.824,0.9866,3.0519
18,494,3.665,0.9899,1.9456
20,427,4.351,0.993,2.0942
18,206,4.745,0.9856,1.9709
14,1322,2.185,0.9977,0.6477
16,498,3.158,1,2.3762
10,971,1.553,0.999,1.686
11,154,2.711,0.9742,1.148
14,105,4.339,0.9524,2.1132
6,664,0.91,1,0.5038
5,290,0.858,0.9966,0.5152
8,844,1.224,0.9988,0.6415
14,404,2.815,0.9951,2.1735
29,1950,4.831,0.9985,2.2864
23,67,12.376,0.8516,2.8566
38,431,10.048,0.9791,3.0702
39,853,8.429,0.9977,3.0204
22,114,8.114,0.9304,2.5879
13,793,2.209,0.9937,1.3502
3,4,5.453,0.625,1.0397
12,161,2.999,0.9876,1.9875
13,308,2.75,0.9838,1.7663
57,1654,11.445,0.9885,2.6619
14,1444,2.15,0.9993,1.7538
8,398,1.418,0.9975,1.0861
9,169,2.03,0.9882,1.4672
9,70,2.747,0.9714,1.6341
13,283,2.813,0.9965,1.9487
9,628,1.488,0.9984,1.0844
13,2959,1.749,0.9993,1.7085
10,985,1.549,0.999,1.1262
12,45,5.354,0.8909,2.011
12,38,6.04,0.8698,2.1944
7,17,4.451,0.8306,1.7315
12,155,3.036,0.9742,1.1499
20,432,4.337,0.9838,0.9449
35,4971,5.082,0.999,2.3889
4,1052,0.526,0.9991,0.0352
18,6116,2.28,0.9997,1.693
14,2009,2.029,0.9995,1.1006
10,544,1.74,0.9982,1.3689
9,62,2.894,1,2.0706
4,6,5.245,0.5,1.2425
6,41,1.936,0.9768,1.4783
9,79,2.616,0.9494,1.5792
21,287,5.217,0.9652,1.6801
29,717,6.066,0.9875,1.8459
9,15349,0.926,0.9999,0.064
14,173,3.595,0.9886,1.9665
20,389,4.466,0.9846,1.9474
34,849,7.093,0.9953,2.5653
42,1930,7.575,0.9974,2.7346
4,1347,0.507,1,0.4569
64,9651,9.2,0.9992,1.5955
25,1457,4.287,0.9959,0.8946
29,838,5.829,0.9917,2.2396
15,63,6.229,0.9053,2.1969
8,61,2.462,0.9186,1.0044
21,197,5.95,0.9544,2.1017
34,3471,5.232,0.9983,0.5476
17,156,4.857,0.9424,1.9576
22,290,5.529,0.969,1.7631
26,147,9.172,0.9391,2.5513
4,92,0.853,1,0.9453
37,1195,7.237,0.9958,2.716
17,69,7.209,0.8712,2.0286
19,17937,2.099,0.9999,1.462
9,17,7.753,0.7199,2.0177
8,17,5.898,0.7059,1.8398
4,82,0.88,1,1.0037
11,486,2.001,0.9939,0.5593
32,320,8.852,0.947,1.9569
23,1021,4.18,0.9971,1.878
33,286,9.64,0.9547,2.242
38,6974,5.289,0.9977,0.5188
23,259,6.097,0.9731,2.2149
9,74,2.685,0.9467,1.384
27,296,7.225,0.9866,2.5404
22,138,7.382,0.9279,2.4104
12,77,3.984,0.961,2.1625
40,1107,8.128,0.9892,1.8929
40,169,16.55,0.8941,2.8713
18,1048,3.087,0.9943,1.1265
16,1161,2.626,0.9966,0.82
41,212,15.139,0.9344,3.279
25,1544,4.236,0.9961,1.2167
17,997,2.911,0.993,1.0713
10,983,1.549,0.9939,0.1294
8,191,1.689,0.9896,1.0539
12,688,2.065,0.9971,1.3474
14,405,2.813,0.9926,1.4303
11,183,2.57,0.9947,1.6232
9,567,1.519,0.9965,1.1408
6,315,1.052,1,0.8662
46,1295,9.307,0.99,2.4002
42,2759,7.029,0.9967,1.9071
13,146,3.449,0.9729,1.6618
26,4842,3.61,0.9988,1.112
10,1154,1.505,1,1.1095
10,1792,1.397,0.9994,0.4582
13,542,2.396,0.9945,0.5579
8,39,3.049,0.9257,1.3024
6,155,1.241,0.9872,1.1807
22,330,5.306,0.9849,2.255
9,2235,1.194,0.9991,0.6401
50,3903,8.089,0.9956,1.3324
26,1458,4.494,0.9952,1.308
9,874,1.398,1,0.9584
67,973,16.324,0.9774,3.2265
34,693,7.492,0.9856,2.087
10,138,2.476,0.9712,1.3153
16,320,3.545,0.9907,1.7295
18,323,4.113,0.9722,1.2276
18,3156,2.524,0.9978,0.2453
18,137,5.544,0.9564,1.9921
23,874,4.329,0.9931,1.9564
46,4302,7.193,0.9988,2.4531
13,553,2.385,0.9946,1.5129
48,1444,9.552,0.9889,1.7282
25,440,5.745,0.9978,2.5271
54,1979,10.25,0.9944,3.0721
46,1072,9.773,0.9842,2.2711
7,89,1.78,0.9551,0.6378
52,2378,9.389,0.9933,2.0446
21,771,3.984,0.9948,1.7965
6,264,1.093,0.9963,0.659
3,112,0.567,0.9911,0.2594
54,1833,10.437,0.9935,2.4249
16,1237,2.593,0.9943,1.8609
20,788,3.734,0.9949,1.5568
9,269,1.794,0.9851,0.9762
5,65,1.262,1,1.1332
10,1970,1.376,0.9985,0.6347
5,57,1.32,0.9831,0.767
12,558,2.159,0.9982,1.4157
26,312,6.743,0.968,2.0005
44,4029,6.907,0.9983,2.2247
15,112,4.657,0.9558,1.8676
28,1203,5.126,0.995,2.0645
8,269,1.55,0.9814,0.3755
5,107,1.087,0.9813,1.0488
7,192,1.426,0.9844,0.6639
33,885,6.759,0.9944,2.0483
17,142,5.039,0.958,2.0367
9,160,2.062,1,1.7972
3,141,0.538,1,0.2712
3,497,0.425,1,0.1529
23,1425,3.895,0.9979,1.4774
8,121,1.925,0.9753,1.3478
36,825,7.683,0.9891,2.4387
3,1303,0.367,0.9992,0.0177
6,403,1,0.9926,0.2048
33,2132,5.541,0.9939,1.5379
12,993,1.92,0.994,0.4347
20,1507,3.258,0.9987,1.4626
9,60,2.936,0.9344,1.4323
16,148,4.557,0.9596,2.1025
